기출년도,과목,문제,보기1,보기2,보기3,보기4,보기5,정답,해설,이미지
"2023","사회복지학개론","1. 사회복지실천에서 사정(assessment)에 대한 설명으로 옳지 않은 것은?","1. 환경 속의 인간이라는 맥락에 기초한다.","2. 사회복지 개입의 성과를 확인할 수 있다.","3. 사회복지사와 클라이언트의 상호협력적 활동이다.","4. 클라이언트의 욕구와 문제를 이해하는 과정이다.","","2","사회복지 개입의 성과를 확인하는 것은 '평가' 단계에 해당합니다. 사정은 자료를 수집하고 분석하여 클라이언트의 문제와 욕구를 파악하는 단계입니다.",""
"2023","사회복지학개론","2. 양적조사방법과 비교할 때 질적조사방법의 특징으로 옳지 않은 것은?","1. 주관성","2. 귀납적 방법","3. 일반화의 한계","4. 연구절차의 경직성","","4","질적조사방법은 연구 절차가 유연하다는 특징이 있습니다. 연구절차의 경직성은 미리 정해진 절차를 따르는 양적조사방법의 특징입니다.",""
"2023","사회복지학개론","3. 베버리지 보고서에서 제시한 사회보험 운영의 기본 원칙이 아닌 것은?","1. 급여 충분성의 원칙","2. 열등처우의 원칙","3. 정액 급여의 원칙","4. 행정책임 통합의 원칙","","2","열등처우의 원칙은 1834년 개정 빈민법(신빈민법)의 원칙입니다. 베버리지 보고서의 6대 원칙은 정액급여, 정액기여, 행정책임의 통합, 급여의 충분성, 포괄성, 피보험자 분류입니다.",""
"2023","사회복지학개론","4. 사회복지의 잔여적 관점과 제도적 관점에 대한 설명으로 옳은 것은?","1. 제도적 관점에서는 자산조사를 통해 선별적 급여를 제공한다.","2. 잔여적 관점에서 사회복지급여 제공은 국가의 시혜가 아니라 수급자의 권리이다.","3. 제도적 관점에서는 사회복지를 일시적이고 보충적인 기능을 수행하는 제도로 인식한다.","4. 잔여적 관점에서는 가족이나 시장경제가 개인의 욕구를 적절하게 충족시키지 못하는 경우에만 사회복지서비스를 제공한다.","","4","잔여적 관점은 가족이나 시장이 제 기능을 하지 못할 때 국가가 보충적으로 개입해야 한다고 봅니다. 1번은 잔여적 관점, 2번은 제도적 관점, 3번은 잔여적 관점에 대한 설명입니다.",""
"2023","사회복지학개론","5. 길버트법(Gilbert Act)에 대한 설명으로 옳은 것은?","1. 비인도적 빈민처우를 강화하였다.","2. 노동능력이 있는 빈민에 대해 원외구제를 허용하였다.","3. 요보호빈곤아동에게 강제적으로 도제수습을 받도록 하였다.","4. 빈민 원인 조사를 위해 우애방문원(friendly visitors)의 역할을 강조하였다.","","2","길버트법(1782)은 작업장 내에서의 비참한 생활을 개선하기 위해 노동 능력이 있는 빈민에 대한 원외구제를 허용하였습니다.",""
"2023","사회복지학개론","6. 「노인복지법」상 노인복지시설에 대한 설명으로 옳지 않은 것은?","1. 노인여가복지시설은 방문요양, 주ㆍ야간보호서비스 등을 제공한다.","2. 노인의료복지시설에는 노인요양시설, 노인요양공동생활가정이 있다.","3. 노인주거복지시설에는 양로시설, 노인공동생활가정, 노인복지주택이 있다.","4. 지역노인보호전문기관은 노인학대 예방을 위하여 일반인을 대상으로 한 노인학대 예방교육을 담당한다.","","1","방문요양, 주·야간보호서비스 등은 재가노인복지시설에서 제공하는 서비스입니다. 노인여가복지시설에는 노인복지관, 경로당, 노인교실이 있습니다.",""
"2023","사회복지학개론","7. 사례관리의 초기과정(intake) 이후 단계를 순서대로 바르게 나열한 것은?","1. 계획 — 사정 — 평가 — 실행 — 점검","2. 계획 — 사정 — 실행 — 평가 — 점검","3. 사정 — 계획 — 실행 — 점검 — 평가","4. 사정 — 계획 — 평가 — 실행 — 점검","","3","사례관리의 일반적인 절차는 '접수(Intake) → 사정(Assessment) → 계획(Planning) → 실행(Implementation/Intervention) → 점검(Monitoring) → 평가(Evaluation) → 종결(Termination)' 순서입니다.",""
"2023","사회복지학개론","8. 사회서비스 바우처에 대한 설명으로 옳지 않은 것은?","1. 공급자 재정지원방식이다.","2. 공급자 간 경쟁을 촉진시켜 서비스 향상을 도모한다.","3. 특정한 재화나 서비스의 수요자에게 일정 금액의 구매권을 제공한다.","4. 일정한 용도 내에서는 현금 급여 방식처럼 소비자의 선택이 가능하다.","","1","바우처 제도는 수요자에게 이용권을 지급하여 서비스를 선택하게 하는 수요자 지원 방식입니다. 공급자에게 재정을 직접 지원하는 방식과는 구별됩니다.",""
"2023","사회복지학개론","9. 사회복지실천기술에 대한 설명으로 옳지 않은 것은?","1. 요약: 사회복지사가 클라이언트의 모호한 말을 더 이해하기 쉬운 말과 생각으로 정리하는 것","2. 재명명: 클라이언트가 부여하는 의미를 수정해 줌으로써 클라이언트의 시각을 긍정적인 방향으로 변화시키는 것","3. 재보증: 클라이언트의 능력에 대해 사회복지사가 신뢰를 표현함으로써 클라이언트의 불안과 불확실성을 제거하고 위안을 주는 것","4. 해석: 클라이언트가 제공한 정보를 바탕으로 사회복지사가 다양한 이론에 근거하여 클라이언트에게 자신의 상황을 보는 대안적 준거틀을 제공하는 것","","1","1번의 설명(클라이언트의 모호한 말을 더 이해하기 쉬운 말로 정리하는 것)은 '명료화(Clarification)'에 해당합니다. '요약'은 클라이언트가 진술한 내용의 핵심을 정리하여 전체적인 흐름을 파악하는 기술입니다.",""
"2023","사회복지학개론","10. 우리나라 사회복지사 윤리강령에 대한 설명으로 옳은 것은?","1. 보건복지부장관이 고시한다.","2. 법률에 준하는 강제적 효력이 있다.","3. 사회복지 서비스에 대한 이용료 부과를 금지한다.","4. 슈퍼바이저는 전문적 기준에 따라 슈퍼비전을 수행하며, 공정하게 평가하고 평가 결과를 슈퍼바이지와 공유한다.","","4","윤리강령은 한국사회복지사협회에서 제정하며 법적 강제력은 없습니다. 또한 서비스 이용료 부과를 금지하지 않습니다. 4번 항목은 윤리강령의 내용과 일치합니다.",""
"2023","사회복지학개론","11. 인권에 대한 설명으로 옳은 것만을 모두 고르면?

ㄱ. 인권은 인간의 욕구를 충족시키기 위한 법적 권리이다.
ㄴ. 인권은 국제법과 국제규약 및 각국의 국내법에 의해 규정된다.
ㄷ. 인권은 문화를 초월하여 각국마다 동일하게 규정된다.
ㄹ. 사회복지실천에서는 인권과 윤리를 명확하게 구분한다.","1. ㄱ, ㄴ","2. ㄱ, ㄷ","3. ㄴ, ㄹ","4. ㄷ, ㄹ","","1","ㄷ: 인권의 보편성은 인정되나, 구체적인 규정이나 적용은 각국의 문화와 상황에 따라 다를 수 있습니다.
ㄹ: 사회복지실천에서 인권과 윤리는 상호 밀접하게 연관되어 있어 명확히 구분하기 어렵습니다.
따라서 옳은 것은 ㄱ, ㄴ입니다.",""
"2023","사회복지학개론","12. 「장애인활동 지원에 관한 법률」상 활동지원급여에 대한 설명으로 옳은 것만을 모두 고르면?

ㄱ. 활동지원급여의 종류에는 활동보조, 방문목욕, 주간보호, 편의시설 설치가 있다.
ㄴ. 활동지원급여 중 활동보조는 신체활동과 가사활동 및 이동보조 등을 포함한다.
ㄷ. 활동지원급여는 장애인이 지역사회 안에서 사회구성원으로 살아갈 수 있도록 제공하여야 한다.","1. ㄱ","2. ㄴ","3. ㄱ, ㄷ","4. ㄴ, ㄷ","","4","ㄱ: 활동지원급여의 종류에는 활동보조, 방문목욕, 방문간호 등이 있으며, '주간보호'와 '편의시설 설치'는 포함되지 않습니다. 따라서 옳은 설명은 ㄴ, ㄷ입니다.",""
"2023","사회복지학개론","13. 의료급여제도에 대한 설명으로 옳은 것만을 모두 고르면?

ㄱ. 「입양특례법」에 따라 국내에 입양된 18세 미만의 아동은 수급권자에 해당한다.
ㄴ. 소득 재분배기능과 위험 분산효과를 통하여 사회통합을 도모하는 사회보험제도이다.
ㄷ. 법률에 의한 강제 가입과 보험료 납부의 강제성을 가지고 있다.","1. ㄱ","2. ㄱ, ㄴ","3. ㄴ, ㄷ","4. ㄱ, ㄴ, ㄷ","","1","ㄴ: 의료급여는 공공부조제도이며, 사회보험제도가 아닙니다.
ㄷ: 공공부조이므로 보험료를 납부하지 않으며 조세로 운영됩니다.
따라서 옳은 것은 ㄱ뿐입니다.",""
"2023","사회복지학개론","14. 「사회보장기본법」상 비용부담에 관한 규정으로 (가) ～ (다)에 들어갈 내용을 순서대로 바르게 연결한 것은?","1. 국가 / 국가와 지방자치단체 / 국가","2. 국가 / 국가와 지방자치단체 / 국가와 지방자치단체","3. 국가와 지방자치단체 / 국가 / 국가","4. 국가와 지방자치단체 / 국가 / 국가와 지방자치단체","","2","사회보장기본법 제28조에 따르면:
1. 사회보험 비용: 원칙적으로 사용자·피용자·자영업자 부담, 국가가 일부 부담 가능 -> (가) 국가
2. 공공부조 및 일정 소득 이하 국민의 사회서비스 비용: 국가와 지방자치단체가 부담 -> (나) 국가와 지방자치단체
3. 부담 능력 있는 국민의 사회서비스 비용: 수익자 부담 원칙, 국가와 지방자치단체가 일부 부담 가능 -> (다) 국가와 지방자치단체","data:image/png;base64,iVBORw0KGgoAAAANSUhEUgAAAawAAAEQCAYAAADswECiAAAAAXNSR0IArs4c6QAAAARnQU1BAACxjwv8YQUAAAAJcEhZcwAADsMAAA7DAcdvqGQAAO0RSURBVHhe7L13VBTJ9//9HoKAoIgRcw7rGlBXMawKomtGMGcwixmz6IIYEQUBJShIUsCAijkrJhAFBEUFRckKSk4zMKGeP35MP3RPYEDcz7Lffp3jkb731nR1d1XfCrerOIQQAhYWFhYWln85SkwBCwsLCwvLvxHWYbGwsLCw1AlYh8XCwsLCUidgHRYLCwsLS52AdVgsLCwsLHUCjrQoweDgYDg4OEBNTY2pYmFhYWFh+aWUlZVh06ZNmD59Ok0u1WE5OTkBADZs2MBUsbCwsLCw/FJk+SB2SJCFhYWFpU7AOiwWFhYWljoB67BYWFhYWOoErMNiYWFhYakT/GccVmFhIVNUJcXFxUxRrVNaWsoUVUlubi5TVCdR9NqLioqYIrmUlZUxRT9NdcpCdfMrhsfjgc/nM8W1glAoRHl5OVMsQWlpKYRCIVOsEDWpY/9FCCGQEqtWbYRCocJ1pDICgYApkktZWVm1zlOTclqd+vMz/CccllAohIeHB/T09HDr1i2mWiYBAQHo1asXTp06xVRVm7CwMNy7dw8vX75EVlYWJb9x4waGDh2KCxcu0OylkZ6eDgB4+vQpBgwYgDNnzjBN6hSXLl3CwIEDcfnyZaaKoqioCCNGjEB+fj5TJZNTp07hwIEDTPFP8eDBA+jr61f5uzXJr5iPHz/CxMQEpqamTNVPk5WVBXNzc0yePFnuCy0oKAhWVlZMcZVUVcdEIhFevnxJHd+5cwfh4eE0GwBIS0uDp6cnUwxUlP/o6Gia7OnTp7h69SpNJotr167h9evXTDEA4MWLF0xRjfn06RNMTEwwZcoUhRoJssjLy8PmzZsxaNAgpKamMtUyOXXqFPT09ODr68tUgc/nSzTocnJysGTJEhgZGYHL5dJ00qhJOVW0/vwsddJhpaWl0Y6VlZWxdetWzJs3D7GxsTSdGCsrK5iYmGD69Ok4d+4cAGDFihXYs2cP4uLimOYSFBUV4fjx44iIiGCqAAC///473r9/j3v37uH9+/eUfMaMGbCysqqywhBCcPPmTXTt2hWDBw/Gli1bZF5LZQoKCvDlyxeIRCKmCnw+H9evX8ft27dp8uDgYPTp0wcXL16kyWub+fPnY8OGDbQXWWXs7e2xZMkSLF26FLt378a2bdvktly/f/8OY2NjpKSkgM/nY+HChcjOzmaaVUlWVpbEi2bKlCk4fvw4njx5QpNXprr5ZdKnTx9cu3YNz549Y6p+mlatWiEwMBAJCQlSe1ApKSkYM2YMMjIyoKuri2nTpiEmJoZpJhN5dUwgEGDXrl3o0aMHJfvw4QMaNmxIs0NFeZU1ghAUFITLly/THG5KSgrN5saNGxLPTsyDBw+gq6tLk3l4eCAvLw8dO3bE7t27abqa0q1bN4SEhCAqKkpqvVOUpk2bws3NDc2aNcPXr1+ZagDA1q1bJd5PK1aswLZt2/D48WOaHABev36NmTNn0mStWrVCUFAQ0tLSZN67ytSknCpSf2qDf8xhhYSEYPfu3di9ezd8fX1r1EIVExUVheHDh+Pbt280eb169cDhcGgyMQcOHIC7uzvc3d0xc+ZMZGVlgcfjSf04+tixY3BxcaG9DBs0aIDhw4dj7NixNNuwsDBcvHgRkZGR6N69O7p06YLXr1/D2NiY6iGpqqpCSUnyVmdnZ1MvPA6Hg+XLl6NHjx7g8XjQ0NCQeS2V4XA4OHXqFFq2bAk3Nze4u7vDzc0Nrq6uOHDgAF68eIHExERamunTp8PU1LRGL/vKREVFIS4ujrqGT58+YcqUKTh69Chlo6WlJfU6EhMTce3aNZw/fx6rV6+Gk5MTVFVVcenSJaYphaWlJbZv345Dhw7BxsYGu3btwrp165hmVVJYWIg///wTT58+pcnllZ+a5FdMaWkpMjMzAQBKSkpQUVFhmihEfHw8MjIykJOTg/T0dMTGxsLNzQ2TJk3Crl27AACamppSr2HXrl3YunUrrK2tYWlpCU9PT6xatYppJpWvX7+Cx+MBMu7R/v37MWXKFDRs2BBcLhdZWVkoKSlBXl4eLl26hPz8fLx9+xZlZWUoLy8HIQRlZWXIy8ujvRRfvHiB6dOnY82aNXjw4AEePHiAtLQ0xMTE4MGDB7h//z4yMzMlyrMYDoeDevXqIS8vD7Gxsbh8+TLu378PHo+HFi1a4I8//sCJEyeYySTIzMzE1KlTYWhoiFOnTuHkyZM4duwY+vTpQzV2ORyOwnWUiVAoRFpaGuXspN3TV69eYdq0afj69StsbGyo75LENGzYkFaOcnNzMWXKFAQEBKBnz54YM2aMRMNCTU1N4jyVqaqcpqWloaCgACKRCFwuF9+/f0dYWBjVgZB2HbVNzWpONcjPz4eJiQkaNWoEc3NzNGrUiHJeISEh0NPTYyapknHjxmHRokUoLCxEy5YtmWoa58+fx9OnT9GuXTv8+PEDLVu2RHFxMRISEjBhwgRoa2szk2DVqlUwMjJCx44dMXnyZEreq1cv1KtXj2bbr18/5OTkoHHjxsjKysL3799haWmJjRs30uyYlJeXw87ODvr6+pgxYwYlZxaSqmjYsCH2798PNzc3hV9AqChcPwshBNOnT4ezszPGjh2Lrl27Yvv27XBzc2OaSpCdnY2OHTvSZD179sSXL19ossokJCRg8ODB1HG3bt1kvrzk0bVrV+jo6CA+Ph7Dhw9nqqWiaH4/f/6Mffv2QUtLC61atYKSkhJCQ0MhEolw584dmm11SU5ORnBwMLp3747WrVujVatWGDJkCIyMjKqsBz9+/EDnzp2p48aNG0ud1zhx4gTu3r2Lfv36QUVFBYQQ2Nra4uHDhxg6dCjTHOnp6YiMjISNjQ1Q0dvKzMzE9OnTkZ+fD2tra7Rp0wbbtm3DkSNHkJiYiMzMTMTFxeH8+fP4/PkzBg4ciJSUFPzxxx9o1KgR2rZti549e0JFRQWJiYkQCATQ09NDZGQkFixYQJXdV69eobi4mGoMpqen4/nz51BVVUVGRgb8/Pxw69YtaGlpAQAmTZoEQ0NDzJs3j5JJQ1dXF66urjA1NcWSJUso+cWLFxUuL2JKSkqwd+9efP36FT169ICysjJSU1Nx7tw5JCUloUGDBswkKCoqgpmZGZ49e4bGjRuDEILly5fj6NGjSE9PR8OGDZGenk57V+zatQvm5ubUMJ74GYgbBIQQiEQiyqHUpJwmJCTA1dUVnTt3Rtu2bdGsWTNs2rQJzs7OaNu2LdP810CkcPToUXL06FGmuEaYmZlJ/a3Xr1+T9u3bk7y8PKaqSgICAsiUKVOYYuLk5ETs7OyYYpKbm0uEQiHZuXMnCQgIoOmuX79ONmzYQJMRQsjcuXOJn58fiY+PJ7GxseTly5ckNDSUNG/enGlKRCIRsbe3J7a2tmTfvn1k9+7dpLy8nNLfvn2bbN68mTqOjo4mgwcPJocPHyZr1qwhlpaWlM7ExIQkJyeTkJAQsnXrVkpeFTo6OkyRXO7evUvMzMxIQEAA8fLyIh4eHsTNzY1YWFiQQYMGkRs3bjCTSGXp0qXk9u3b1PGLFy/I/PnzqeOQkBBiZWVFHYvh8/lk2LBhJCwsjBBCSGZmJhkzZgxJTExkmlKsXr2aXLt2jTqOiIggM2fOpNkoQmpqKmnVqhXhcrk0eUxMDBk3bhxNJqYm+SUV6Xr06EHevn1LyXR1dWk21eH9+/dEIBAQQggRCATEzMyM7N69m9Lr6enRyp6Y8+fPkwULFpDS0lJCCCHe3t5kzZo1TDMJfH19yaxZs6hjZh07evQoOXHiBHVcGVtbW3LhwgUiEonItGnTCCGExMXFkSNHjhCBQECsrKyISCQihBCyadMmcvPmTZKSkkL27dtHPn36RN6+fUsOHz5MXF1dSVxcHJk5cyaJiIggQqGQcab/x4YNG0h2djYpLi4mo0ePJh8/fmSakH379pGgoCCmWAIul0sGDBhAk40dO5Z23KVLF8Lj8WgyRTA3Nyfu7u7UsYmJCXnx4gV1/PjxY1odIhVl3czMjDq+fv06Wb16NXU8aNAgkpubSx0TQsjIkSPJ2rVrydatW8n+/fuJrq4uKSoqotmIqUk5TUxMJF27dqWeh7z6U11k+SDJcapaJDk5GcnJyRLLawCAnp4ezM3NERISwlTJRSQSwcnJCePHj2eqZFJcXIzZs2ejX79+EIlEmDNnTpURT8rKykhMTERCQgK+ffuG0tJSqKioSO3y3rhxAzweD9bW1ti5cyf69esHR0dH2NnZ4eDBgxLDRtu3b8eJEyewefNmHDt2DOrq6rh8+TK+f/8utdWrCNLyJY8xY8bAx8cHM2bMwOLFi7FixQpYWFjAzc0NERERmDBhAjOJTIKCgrB//37s378fPj4+TLVUvn79CkdHR9y+fRtmZmbYvXs3UlNTab0AJnZ2dggODsaCBQuwZMkSHDp0CC4uLkyzKnFwcIChoSHU1dWZKpnUJL8A4O3tjb/++gu9evViqmqEkpISNfynrKyMefPmyQw0EEMIQYcOHWBqaoq1a9diwYIF8PHxofVWpcHj8eDg4IDDhw8zVRRPnjzBiBEjmGIUFhYiOjoaU6ZMASFEYuSAy+XC2toaHA4HRUVFuHjxIlq1agUOh4OkpCRkZWWhoKAAJSUlKC4uRn5+PsrKyvD69WucP38eKSkpEv8KCwuRmpqKBQsWwNzcHPXq1UN0dDRWrVpFRb2NHDkSjx49ouVFGurq6hJ5rupZK8L79+/x7t07LFu2jKmiaNeuncQ8/efPn9GtWzfqmBACZWVl6rhXr160gJXCwkIUFRXBxcUFhw4dgpWVFZo2bSrzPVGTcurs7IwtW7ZIne74VfzSMyUnJ8PAwIAppjAwMEBycjJTLBdfX1+MHj0aubm5tOAGMUKhEImJiTh58iQVrefs7IwVK1Zg2rRpmD9/PkaPHi01wqYyysrKGDlyJIyNjTF27FiMHDlSZgVPT09HmzZtqOP27dsjISEB27dvx44dOzB16lRa4c/KyqJNUPfp0wdeXl44ffo0cnJyKHl10NLSkogOE4lEePz4Mby8vKTOGXI4HKiqqkoUYpFIhPDwcJw9e5YW8SgNDoeDuXPnYufOndi5cycWL17MNJH4fVTMtcybNw87d+6En58f3Nzcqhym1NLSgq+vL7y9veHq6oqLFy+iRYsWTDO5JCQkIDY2FjNnzsTZs2eZaohEIuTm5sLX15c2B1CT/H7+/BmOjo7Yt28fTU4IAY/Hw+XLl3Hz5k2ariq6d++O27dv4/Pnz0BFHTMyMqLZMO83h8NBWFgYIiMjqXI2atSoKh32pk2bsHDhQonhnsp1LCUlBa1ataLpAeDQoUNYtWoV3NzccPbsWWRnZ+PJkyeIiYmh5t/s7e2RnZ2NS5cuYcGCBdRvt2/fHm3btkXr1q3RpEkTNG3aFG3atIGWlhaWLFmC2bNng8PhQFlZGSoqKtQ/a2tr7Nu3D8OGDUOHDh2goqKCFi1aYOfOndTLvWXLljIDHJjw+XycPHkSPj4+cHZ2xrdv31BQUEDplZWVpc6By6K8vBwLFiyAq6srzdmgYij12bNn8PX1Rdu2bfHHH39g586diIyMxOnTp+Hp6YmZM2di27ZtsLa2RlBQEK387d27FwcPHsThw4fh5uaG6dOnS21oqKqqMkU1KqdJSUmIjIzEokWLaHJZ9ae2qN6ESTUJDQ1Fhw4dmGIKAwODakXuZGZmUhPfIpEIY8eOhY2NDQwNDSmbx48fU0EAJSUlQMU8z4cPH6iK/eHDhypbEswCJUZTU5MpwpQpUzBz5ky0b98eGhoasLKyosb0xVSOXho/fjyCg4Mxd+5cCAQCBAcHw8nJCV27dqVNQjNfPPI4f/483NzcUL9+fXA4HJSXl4PH40EkEkFNTQ0ikQg8Hg9HjhxBaGgounTpgg4dOqBRo0bUZKk4JLa0tBTl5eXg8/no2rWrXKfA4XBo+VRWVpaZ79jYWNy/fx9NmzZFgwYNoK6uTkUq5uXlQUlJCcePH0dmZiZu3ryJli1bwszMDG3btoWGhgYEAgG4XC6Ki4tRVFSE0tJScLlcFBQU4OnTp8jOzoa9vT1GjhzJPDVQUZl27doFX19ftG/fHitXrkRmZiZtBCApKQnu7u5ARURbdfN77do1KCkpoby8HKtWrcLq1asREBCAlStXUucQCoVwcHAAALRu3ZqSK4qhoSGioqLQuXNnfP78Gebm5kwTiEQinDhxAhwOB40aNUJxcTHevXuHCxcugMfjISwsDHw+H8nJyXjx4gU+ffoEa2trTJ06FQBw+fJl8Pl8pKWlITMzk1Z+K9exoqIiiToRHR2N06dPo1OnTmjRogVMTU0RGhoKAJg3bx7mzZuH3NxcbNu2DbNnz0bfvn2pACAulwttbW0IBAIIhULqn0AgwMSJE6l62a5dO+p8IpEI5eXl2Lx5M3bs2IEBAwZgzpw58Pf3h1AohIaGBmWrpaWl8Hd0NjY2MDY2po7Xr19P01fOgyJs27YNc+bMwblz56g5QjGnT59G27ZtoaqqCj6fjyNHjuD58+cIDw9Hq1atcPv2bdSrVw+HDh0CKkZ1IiMjqfRim7i4OJSVlcHc3Bz169en9ADQpEkTiUZWTcvp+vXr4eHhIdELrVx/2rdvT9PVCswxQiJn/LC6PHr0iNjY2DDFFFXpKyMQCMiaNWtIVlYWJXv9+jVp06YNNWbv5OREDh06VCnV/6O4uJjMmDGDTJgwgYwfP56sXbuWmgeQNYe1fPlysmrVKrJu3ToyZcoUYmdnRw4fPkwmTpzINCWEEPLt2zdiZ2dHbG1taePAhBDy7t072ng6l8sllpaWZOHChWTGjBnk5s2blK7yHNa2bdsoeW0iaxy7Jixfvpzcu3ePOo6OjiZLly6ljkNCQsjOnTup45cvXxJfX18SFRVFPn78SFJSUoi9vT159+4dKSgoIKWlpaSsrIzweDxSVlZGoqKiyObNm0lQUBB5/vw5+fjxI8nMzCR5eXmkqKiIlJaWEi6XSwoLC8m3b99IWVkZdS4mDg4O5Pnz59RxUVER6dixI4mJiSGkYgx+/PjxlVJUP7+EECIUCsny5ctJREQEIYQQDw8PMmXKFGq+o2XLlrRzVJdbt26R2NhYQgghFhYW5O3btyQwMJCEhISQjh07Ej6fT0jF9fn6+pJ79+6Rd+/ekc+fP5Po6Gji4OBA8vLySHFxMeFyuaSsrIyUlpZS80kvXrwgK1euJAKBgOTl5ZE///yTmtNk1jFDQ0OSmZlJHWdlZREfHx+yfv16EhoaShwcHMj379/Jzp07ya1bt6hzHDlyhDYfeeTIERITE0NevXpFfH19iZWVFQkNDSXW1tbk4MGDJDQ0lJw5c0Zq/Q4NDSVjxowhQUFB5NmzZ+TZs2fk8uXL5MSJExLP8+3btzWa93z79i2ZOnUqmTVrFpWHN2/eMM1k4urqSs1bRUVFkUGDBpHPnz8TUlHnxWWlKhwdHUl5eTm5efMmOX/+PFNNCCFS5zADAwPJvHnzaLKallN7e3vi4eHBFEutPzVFlg/6pUOCsj5uE1NVD6wyJ0+exI4dO9C8eXNKpqenB0tLS1p4u7TWvaamJs6fP4+JEydi7NixcHR0REJCAkJCQmR2Ww0NDXHs2DHY2dkhKSkJEydOxObNm2Vej66uLkaOHIn+/ftDWVkZsbGxCAsLw/379/H8+XPa0Ke6ujocHR3h5+eH8+fPy5yPk3YttUFJSQliY2Npwxs1hcPhICQkBI6Ojjh69CgCAwMloukqX8fAgQNhZmaG/v37o3Pnznjw4AFu3boFPz8/lJeXQ0NDA/Xq1YOamhrq1auH/v37Y/Pmzfjtt9/w+++/Uz2+Ro0aQUtLCxoaGlBXV0eDBg2gq6sr0YIUc+fOHejr69Mi3cRDjOLhNUi559XNr1AoxL59+7BmzRoMGjQIqPhupnPnzlRoMvMcihAXFwcXFxf4+voiMTERp06dgrm5OVRUVJCWloZp06ZhypQp0NbWpn5fS0sLZmZmGD16NHr27Ak+n4+zZ8/iwoULiIiIgKamJtTV1VGvXj0qRDsqKgoPHz6khq0aNWoEPz8/bNy4kZpfrZz/Dh064NOnT9Qxj8eDubk5OBwO9PT0kJubi8uXL6Nr164YMGAAnjx5goKCAjx//hyTJk2i0olJTU1F165dkZKSgpEjR6Jnz57o3bs3Ro4ciS5dukj05s6fP4/bt29j2LBhmD17NoYNG4Zhw4bBxMQE+vr6Ep+hJCYmSpRPRejVqxfOnj0LDw8PbNy4ETk5OXj//r3M90dlAgMD0axZM6r30r9/f1hZWWHt2rWUTVVlori4GI6OjvD394e7uzv++OMPmJiYMM0AAMePH5d4r86YMQPPnz+njmtaTh89egShUIgVK1YwVYCMNLXJL3VYjRo1gomJidSgi5iYGISEhEgdzmDC5XKxYMECqWPlGzdupHXNK98wNzc3HDhwAHv37sWaNWtw+vRp3Lt3D3v27MH3798xceJE9O3bl7KvzOzZs6GkpAQNDQ20a9eOGopo2rQp05Ti999/x9GjR3HlyhVwuVxoaWmhbdu2+PLlCxISEpjmMpE2zlybCIVCHDt2DMuXL2eqqs2gQYNw+PBhbNy4EZaWlrC1tZU7oVyZtWvXokuXLnj48CE2b96MVatWSV3ipTby279/fwwbNowpxogRI6hhMFRR4arKb3FxMTw9PWFhYYHevXvT0trb21MvT3nnkEWvXr3Qq1cvPHv2DJqamti0aRN8fX3h4uKC8ePHy3TUYj58+ICDBw/C1tYW4eHhSE9Ph4eHB83m2bNn+Pr1K3bs2EGbSO/UqRMuXbpE5bty/o2NjWnzG8xhsu3btyMvLw8GBgZo1qwZkpKSsHPnTtjb29PsxHz+/Bl9+/ZFbm4unj9/jvj4eLx79w7Pnz9HbGwsNe8WGxuL06dPY8iQIVi6dClSU1Px/Plz2j9pwSg3btyQ+aJnwufzYWdnB3Nzczg4OODEiRMYPnw4AgMDcevWLQgEAolVJZicO3cOPXv2pH26goppBFtbW+pYXpkQCoWYN28eJk+ejNevX2P06NFYt26dzPeEpaUlVFVVERISgosXL+L8+fO4cOECNYxb03L66tUrpKSkYPv27TR5ZZhpaptf6rAAYPfu3VTwha+vL+WkzM3NZfZWmGhoaMj9bqIylW/Y8uXL0bZtW2hra2Px4sV48uQJrl+/jj179sDAwIB64OLK+fXrV+Tl5VHpKyP+XT6fj5iYGJw8eVJi9YoGDRpg4MCB6N27NwYPHow+ffqge/fu0NLSwsCBA2m28hCvEFDVw8/MzKQKoSzKysrw7t07eHp6Uh/KtmrVCosWLary9xVh8eLFtDmC+vXro1mzZjQbaVFEXC4Xnz9/pr5radasGUaPHi11GZ7ayC8zT7KQdQ5F8qusrIyVK1dKPZeysjL1zWHlc4hEIhw9elSqo2YyatQoeHl5YdGiRRKOoTLS7re/vz+WL19OvfCXLFkiEXQyYMAA2neHlenZsyf1nCvnf9y4cXj+/LnMFRTEvWDxfEZ2djYyMzOlNj5R8R0isxfFpKSkBC1btsSCBQuogJB27dpRvSvxv379+tHSFRYW4suXL9DX16fJZaGqqort27fD19cXmzZtQseOHVFYWIiePXti/vz5mDdvHtU7kYZQKMTUqVNlfmv6xx9/UH/LKncA8PLlS3Tv3h1du3YFKp5F06ZNpQadVaZ3797o378/9PX18eeff1LPviblNDMzE0KhsMoOhrzrqA0kS3YtI/5Q2MnJCcnJyYiJiYGJiQliYmJkPsifoXKrQ0VFBQsWLMC6devQv39/mS0S8YP8/v075s+fD319fezcuRN2dnZwdHTEn3/+iSdPnsDNzQ0uLi64ceMGPnz4gKCgIAmH0bhxY2pVADFcLhd9+vShyWTRtGlTyjnLyq+Y5ORkGBsbY/bs2Th8+DBOnDgBX19fnD59GqdPn4aXlxd8fX3x8OFD5OTk0FqcysrKUhe4zMnJkVgO52eRFkmlrKxMW+kDFdGWsl5W/1R+Zd1zRfJb2XHLo/I58vLysGvXLoSFhdFsaoq0qE9U5E28ViUqgiWYUaU1yb+6ujpsbGxkfiyekpKCwYMHQyAQwMnJCYaGhnBwcICxsTH8/Pxoa9tlZGSgf//+QEWAwLBhw9CjRw/8/vvvGDZsGFWHNDU1aVMDqJjsf/z4Me3fq1evaDZHjhyBo6Oj1PtTFefPn4e7uzvevHmDpKQkWFpaSjRYmSgrK8ssT0zk2WlqakqsNZiamir1o+PKdO7cGR07dqSiLsXvuZo8Z11dXZlR0pWRdx21AYcw37hytif+t+Ps7IxOnTrJbCVK48aNG0hLS6NFx/wM7u7uePnyJf744w8oKytDKBTi9evXWLlyJa1FJYv4+Hj06NEDV65cQVZW1k8Ng8mjvLwctra2aNu2LZSUlCASiVBUVISwsDAIBAIcOXIE3bt3ZyarNleuXEF+fj7MzMyYKhw8eBBv377F1KlTER8fj1evXuHixYsSkUf4h/IbGxsLf39/KjKKSXXyKw8jIyM8ePCAOnZ1dcXkyZPl9poUxdTUVOpiw1lZWTA2NoaZmRkaN24MHx8fWFpaYty4cUxTuciqY5cvX0abNm2okQQrKytYWVnh48ePQMXnBOPHj0ejRo2AipU31qxZg5KSEly5cgUODg5o0qQJtbKEeATm7Nmz0NHRQVlZGfbv3w8nJycMGTKk0pn/35JgQUFBsLa2psnfvXuHN2/eYM6cOQgNDQWfz8eYMWNoNlWRn58Pe3t7tGzZEqtXr6Z6r8nJyZg1axaWLl2q8BC4LKZNmwZvb2+pq+6ImTt3LnR1dTFs2DA8evQIqqqqtCXQmPTp0weLFi2iRVpevXq1SidbGWY5rYqq6k91kOmDmFEYRE6Exr+dBw8ekPz8fKZYLtHR0SQuLo4prjHPnj0jycnJTHG1iYmJIZ8+fWKK6xyvX78maWlpTDHFq1eviJubG7lx4wYVQfa/4uvXr7QVB6RRG/m9dOkS9Xdubi65cOECTf8zXL16lSmiKCoqIoGBgcTLy4ukpKQw1Qohr47JkoujFqUhjtYtLCykyUtKSgipWEVGjDiqjolAIKhyxQlZeZPHu3fvSFBQkMy0ZWVl5OzZs0xxtalcHuRx79494ubmRot0lYWfnx9TRKKjo5kiuSiaLzGK1B9FkeWD/lM9LBaWukZ5eXmVARMsLP/XkOWDfvkcFgsLi2xYZ8XCojisw2JhYWFhqROwDouFhYWFpU7AOiwWFhYWljoB67BYWFhYWOoErMNiYWFhYakTsA6LhYWFhaVO8H/aYZWVlclcA00WQqGwxrsC/y8R7yX1b4IQIrG0VV3hZ8pBbm4uU/SfpSbXSgipdr1ExVqB0pbvkkdJSYnEUmo/S0FBAYRCIVMsF0XWkvwn4PF41b6HYmpy/6tLnXNYL168kFj0MTs7G0uWLMHx48dp8qpIS0vD7NmzYWpqylTJJC8vD5s3b8agQYMk1vf6pxFvSLhx40b8+PGDqaaRlJSEv/76S2L9uJoi3iBSjKurKwwMDKQuCwQA3759k6jEnz59gomJCaZMmVLlC4rL5dZa3muDnykHwcHB6Nu3L4KDg5mqWsHZ2RlmZma0bT/kIX7BZmZmYu7cuVi1apXEs6opN2/ehJ6eHgICApgqmeTl5WHVqlUwMjKSuRh1ZTIzM8Hn85GSkoJx48bB0tKSaSKTxMRETJw4EZMnT661Bl1cXByGDx+OnTt3MlUyefDgAfT19XHgwAGm6h/l48ePMDExqdY78Wfuf7VhLn1B5CyL8W8gKiqKdOnShbx//54m//LlCzEwMKDJZCESiaglYQghpHnz5jS9mIiICHL37l3y+vVrEh8fT9NNmDCBhIeH02SEEHLhwgXSu3dvEhwczFT9MmbPnk2uXLnCFBNCCOHxeGT+/PlkzZo15Pjx42T+/PkkICCAaVYtysvLydmzZ8nixYtpy+54eXmRTZs20WzFxMTEkDFjxpBx48bRNnQUiUSkdevWhMvl0uyZvHr1iqxcuZIplkAoFNKOy8rKSGZmJnnz5g25du0aSU9Pp+kVoSblQBqVy5yXlxfZvn07TV+b/P333wrX4aioKDJixAhy48YNIhQKFXoeYhISEkh8fDy1hFJ2djYxMzMju3btomzOnDkjsUnq8+fPSXBwMLl58ya5fPkyVXYyMjIom4EDB5LExERaOmmEhoaSXr16kVu3bpFv376RP/74g2lCCCEkLy9P6nJaAoGAtGzZkpSWljJVMklMTCRfvnwhycnJJCEhgURGRpKgoCCSl5dH6QcPHsxMRrhcLjl//jx58eIFefPmDcnJyaF0L1++JGPHjqXZk4ollYyMjMjGjRuZql+CUCgkTZs2ZYplouj9rw6yfFCd62H1798fvXv3hp+fH44fP45jx47BxcUF/v7+Uldhvnz5MszMzODg4AAfHx+4ublh4cKFOHbsGGUj3uuKSc+ePXHz5k3s2bMHBw4coPVixNvKM5k+fTpMTU2pLb9/lm/fvmHVqlVYuHAh9u3bh3379sHIyIi2KK6urq7MBVjPnDmDdu3a4dixY1i9ejVOnz6NU6dO0Ta9rA4ZGRkwNjZGWVkZjIyMMGPGDHz//h2oWLlb2j0BgL59++Lu3bu4desW9u3bR8k5HA61eaA08vLyYGZmhqNHj6KsrAzz5s2T23M4ffo0Jk2aBGtrazg4OODkyZN48OABMjIysH79eoVa7EyqWw7Ky8vx999/Y/HixXB1dYWnpyecnJwwadIkqtyJV86uKY8ePcKOHTtw5MgRnDx5Et7e3jhw4AAMDAyAitXOmfmSRf/+/TFjxgwkJydTe8DJKk9MioqKMG3aNDx8+BCoOK+NjQ2ePXtG2UgrF/3794eamhq6dOkCQ0NDLFq0CKGhoWjZsiVlo6amJrVuFhcX03r3I0eOhLm5ObKysuSWpYiICAwbNgz379+nyZWVlaGpqSn1XLJQUlKCr68vnj17hi9fviAqKgoODg7UTgvSrlksb9iwIQ4fPgxbW1uEhIRQOmllCQD69euHnTt34uvXr0xVrfDlyxfs3buXWt1eSUlJ7vOv6f2vDWTn6l+MsrIy5syZQ9t8MSMjg9rvqTKmpqa4e/cumjRpQu3lsmrVKpqNrBuspaVFWxH5+/fviImJwe+//06zY1Kby+20bNmStnWDUCikdj6tjKxr+PHjBzp37kyTde7cGWlpabSXg6I4Oztj7dq1mDBhAgCgdevWOHbsGPbu3cs0BQBERkbi9u3b0NDQgI6ODlRUVPD69WuoqKjg8OHDgJy8A8CsWbNw8OBBDBgwAKgY/jU2Nsbt27epfcMqY2ZmJnVleFRsRNirVy+muEqqWw7q1asHW1tbdOnSBd7e3pScuS7az2BoaIhOnTqhTZs21Is2OjoacXFxTFOKgoICHD9+HKqqqtDR0UFOTg4+ffoET09PcDgc2nOQtqeWNAYMGAAjIyPExsZCWVkZPB4PqamptJe/QCCQeMbq6uoSOw4PGTIEp06dQk5ODlq0aIGsrCypTuTu3bt48OABXF1dKZm8F6yYsWPH4tq1a3j06BFGjx7NVEvkUR4dO3akNmAkhGDs2LHw8vKi8iHtmsWMHTuW2iRRJBLhzZs3aNKkCdOMRm2+Uw4dOoQLFy7g/Pnz6NSpEzp16oTu3btj//79NAcqi5re/9rgnzlLLSOtEEPOPi+NGjWSuieTGHHBKi8vh7KyMq5cuQIfHx/06tULTZo0gYqKCkQiEeLj46GiolLli2fQoEEICAhAgwYNqLkXkUiEt2/fIioqCjY2NtQLv7qcOHECEyZMoDZmRMVLXFblmDFjBhYtWoSxY8eidevWiI6ORnx8vMTmdoqioqJCG+vncrnURKu0PPzxxx9o2bIltLS0oK2tja9fv8Le3h6XLl1imkqQmpqKevXqUc4KFfuFmZqa4sqVK1iwYAHNHhVj8A0aNEDLli1RUlKC/Px85OfnU/NM1Vls9tKlSzUuB0pKSgqfp6Y0adIEr169Qrdu3dC4cWN8+fIFI0aMYJpRaGtrY9OmTUCFw3B3d4eGhgblnGrisFBRHzU0NKCrqws1NTXo6Ojg8OHDWLlyJVq3bo2PHz+iRYsWtDSBgYGIi4tDjx49wOfzUVZWBpFIhKVLl1I2p06douUjPz8fpqamGD58OFq0aAFTU1P4+flJNFyklUNUlNWQkBC8fPmSqfop7O3tMXjwYCgpKWHlypXQ1dVFWVkZLR85OTnYtWsXCgsL0bt3b6ipqUFJSQmZmZnIzs5Gr169qN6xNLp06YL8/HwEBgaivLycul9ZWVm4desWjI2NFZ4z27ZtG968eYMfP36gU6dOAID27dtXWV5/9v7XBnXWYV24cAGPHz+mWoaFhYXU7qNMVFVVpW4sJhAI8OTJE/B4PNjb2+PatWsYNWoUbG1tMXnyZCqNi4uL3JcTkzFjxmD06NEQCARQUVGptQf48eNHXL58GTdu3EBwcDAIIdDU1ERhYaHMc3Tu3BleXl6ws7NDUVER2rRpg5CQEKn3QxE2btyIhQsXIjk5GSoqKrh+/Tr8/f0BOQW1devWQEWBNzExgbOzM7p160bpZaUTCARSK1G9evVQUlLCFFONgsWLF2PHjh1o164dtLW1oaOjgzZt2uDEiRPVuu6pU6f+VDmozku/JqioqODOnTvw8PCAr68v3r9/X+XeTJWHIm/duoU2bdrA1dUVT548gZGREVCDfCspKaFTp07o0aMHdfz7779TowAXL16U2Idp7ty56Ny5M0JDQyXqrVAopBqllRun7u7uMDU1xbp164CKlv6ePXuwbds25OfnU3ttycLT0xODBw9Gq1at8P79e1y7dg1CoRBlZWXIycmRWQ7lcfv2baSkpKBdu3ZQUlKirpk54tOkSRO4ublBKBRCRUUFkZGR4PP5tL29YmNjqb+ZtGjRArdu3UJ5eTlUVFRoz2j37t00W0VQUlJCUFAQnj59CqFQiOTkZJkdATE/e/9rgzrpsBYvXkxVLjEikQgFBQUAgNLSUtSvX5/SaWhogMfjgcfj4d27d4iOjkZpaSmaN2+OCRMmoFWrVti6dSu2bt1KpVFVVUVYWBjOnj2LjIwM5OXlYfXq1WjatCllIxAI8OzZMyQmJmLBggW0B87hcKS+HEUiESIiIpCSkgJDQ0OJlqcsfvz4gY0bN8LPzw/16tXD3LlzKd3jx49pXfKCggLaZnDdunXDsWPHQAhBaWkpioqK8OnTJ8TFxSE+Ph4GBgYSm+LJomnTprh+/To+fPgAoVCI2bNnIy4ursooxYyMDGzatAlHjhxBSEgI9XJVV1eHioqK1B5wp06dkJ6ejqSkJHTs2BGoCLsNDAzEuXPnmOZQUlLCtGnTsH//fsybN0/iRVgTfqYcDB48GEeOHEH9+vVBCEFMTAxKSkqqFTEnD3V1dYwbNw6nTp0CKhpKlYd5P336BAcHB0RFRcHNzY32QklLS8OPHz9w9epVSiZ+YVfXYXE4HNy6dQvJyckQCoX4/v27xGaE0hoeDRs2pHbNFQqFuH79OtVo1NTURFZWFi0vWVlZtJGJPn36YNu2bahfvz6SkpLQoUMHSsckKysLFy9exMKFC/Hw4UOMGjUKGhoaaN68OVRVVeHn51dth/Xo0SM8efIEx48fh1AoxMSJE7F27Vpqc0vm73E4HIhEIuzduxdfvnyBuro6vn79imnTplE2IpEIubm5uHr1Kvr160eb9oCM+4iKZx0ZGYnevXsrNOytpKSEOXPmQF9fH6iY36s8r08IAY/Hw61bt6CmpoYJEyb81P2vLeqMw7pw4QIiIiLQsGFDqKqq4vXr19DQ0MCPHz/QqFEjCAQClJSUIDk5Ga9evcLvv/9OvdRGjhyJ1atX49q1axgxYgQmTZqE9u3bU78tfhlW5tOnT9i9ezeuXbsGNTU1ZGVlYdasWbhz5w7lHE6fPo22bdtCVVUVfD4fBw8eRGhoKLp06YIOHTqgUaNG1ESqeNijtLQU5eXl4PP56Nq1q0IOKycnB9u2bcOpU6dk2lfull+7dg0+Pj7o1q0bWrRogfr160NNTQ316tWDhoYG6tWrB6WKXXtbtGhRZUg5KrYIf/z4MRXOnpmZia5du2L48OEYNWoUWrRoIfG5gZjr168jLCwMnp6eaNCgAYYPH47Dhw9j/vz5CA4OlrvTrre3N+bPn48hQ4agfv36uH//PjZu3Ci3cjRo0ABlZWVUmSgqKkJSUhLOnj2LwYMHSx1KlEVNyoHYYXl7e0MgEGDRokVYvnw5Vq9ezfj12kFFRQUlJSXgcDgIDAxEw4YNER8fj+bNm8PY2BizZs2SaP0ePXoUVlZWNFlNHVajRo0wZcoUaliJx+PhyZMnlJ7D4UBXV5eWBhVzg6dOncKXL1+gpaWFefPmYdmyZSguLkbnzp3RpEkTWiNw/PjxCA4Oxl9//QUA8PX1xYYNG2BmZgZnZ2fKjukoCCH4+++/4e/vj/bt22PJkiVIS0ujzXVyGHN4VXHjxg3weDwqDF1JSQkBAQHYt28f5bDEARiVsbCwwLRp0/D3338DAPbs2YOysjKqAZqUlAR3d3egYpju9OnTOHv2LLS1tfH777+jUaNGVECHSCSi3ini8q6qqqqww2JSuYEtFAqpnYPFIyQ1vf+1CjNskMgJKfxfEx4eTp48eUKKiooomYGBAfny5QvNrrq8efOGKSIuLi7EycmJJps3bx6JjIwkhBBiYmJCIiIiaHpSsatrbfLhwwdy+PBhagdWUnEffHx8qBBuGxsbmbuiSoPL5ZKysjKmuEri4uJIYmIiEQqFxMLCgjx79oy8evWK3L17l1y9epWsXLmSbN26lbIvLi4mZ8+eJbGxsbTfESO+V2/fvmWqaJSVlZFXr16R0NBQha4zOTmZeHt7Ex8fH9KxY0fi4+NDnjx5Qt6+fUsKCgqY5nKpaTmojJmZmUTou6enZ43D2jMyMsicOXPI8OHDyfDhw8ns2bOJo6MjiYiIoELnnZyciI+PDzMpIYSQjx8/ktmzZ5NPnz6RgIAAcvLkSTJjxgzi5eVFCCGkd+/ezCQKwfxchFTsQrtw4UJy//59mpwQQh49ekTOnTtHcnNzKVlERAR59OgRIYSQ8ePHS4Shu7m5kTlz5pC5c+eSQ4cOUXInJyfi6+tL8vPzib6+Pi2NnZ0d7f7n5+eTLl26kISEBErWoUMHiU8iZJGamirz84igoCCSkpJCMjMziYWFBVNNOnfuTDv+9OkTmTRpEiEVn36MHz+epicV9VXers01YdmyZbTdgV+8eEFWr15NHbds2ZL6uzI1uf81QZYPqvM7DhsaGsLPz09uKx0V8ycHDhyAmpoaWrVqRa2yUFxcjLt37+LGjRu08f2bN2/izJkzCAwMBCqGfQYMGIB79+6hefPmMDU1hZWVFQYOHFjpLP9v6CEzMxMdOnSQGBapLlwuF3FxcRLnAIB58+ahW7dusLGxoY35VyY6Ohqurq7o2rUrdHR0KJvw8HCoq6vTonyqi3hSnc/n4+HDh+jVqxdevXqFhIQEWtg6KoYDxfNH2traUFNTo1phBQUFePHiBS5evEhLU1sMHjwYly5dQqtWrZgqhahJOSCEUNdHCMHChQthZGQEgUCA8vJy6OjoIDo6GioqKjh48CCVrjoQQpCQkIDu3btLbdE6OzujRYsWmD17NlOFxYsXw87ODk2bNkV8fDw6deqEU6dOoX79+li0aBH09PQQExPDTFYl79+/x/r162FiYkLrTbq6uqKoqAjbt2+n2TN59uwZvLy88OPHD+zZswc8Hg/Dhg1jmknF2dkZjRo1gomJCcaNG4fw8HCgYmSmV69e+O2332j2kZGREIlEGDRoEFAxyvLlyxep91JRAgIC4O/vjy5dumDHjh3gcDhU70TM4MGD4evrS833BQQE4OXLl3B2dkZsbCysrKxw48YNWprS0lLEx8dDV1e3xuWYydq1a6Gjo4NmzZqBw+EgIyMDTZs2pYJyWrdujYyMDGYymci6/zVFpg9iejAix7v9GzEwMCCpqalMsVTevXtHxowZQ5PxeDyip6dHk4lZvXo1mTx5Mtm1axcZOXIkrcVqYmJCXr16RbMnFa3fJUuWkJkzZzJVtUZRURHp1q0bcXR0ZKoUws/Pj9y9e5cpVggul0u2bNlCBg8eTLKzs2m64OBgid6ImJycHAl7UtHa7dq1K1NcawwdOpR8+/aNKa4W1S0HZ8+eJb169SJ9+vQhU6ZMITt37iSXLl0iaWlplM2ZM2dq3MOqjKenJxk0aBD59OkTTe7k5EQePHhAkxFCyLFjx6SOKBw/fpy6rn79+jHVCnPmzBkya9YscvHiRXL+/HkSFBRELCwsiJ2dHdOUxqVLl8iOHTuIUCgkAoGAbNy4UWr+ZeHk5EQCAgJIfn4+7YNdZg9NFh06dGCKqsWmTZvI1atXCSGE5ObmkhkzZpCsrCymGYmMjCQDBw4kW7ZsIStXriSjR4+mepgxMTFk4sSJzCSkpKSEuLi4kBYtWjBVNYY5KsDn80lxcTF13Lp1a5q+KmTd/5oiywdJDmTWQSoHHMijadOmEkvOcLlc9OnThyYTc/z4cXh6emLq1Km4du0a9R2XGGmtsVatWmHRokVSdbXF6tWrYW1tjdGjR8PW1lbmmnbR0dGYPXs29u7dC09PT3h5ecHLywvR0dE1XoZGXV0d9vb2KC0tlfiN3r17w8TEhCYT07hxY5nfmlQeTy8pKUFhYSFNz0QoFCIvLw+XL1/G6dOnkZubi8TERBQVFdHsCCFQUlJCTk4OkpKSEBcXh5CQEOzfv1/qN3uyqG45mDVrFiIjIxEREYGQkBDs27cPpqamaNOmDc2uMpmZmThx4gRTXCVLly5F+/btqYAjMYaGhvjzzz9psrCwMIwaNQq9e/emycWIe+DS5jeqQ4sWLaCnp4eBAwdi6NChVG9CHh4eHti5cyeUlJSgrKwMKysriW8Nq0I8j1v5eTCfza8iIiKCmrvS0dHBrFmzpC69NWDAADx//hwLFy7E5s2bce/ePejo6FB6afmtX78+1q5dq/B7ThHEPUsxKioq0NTUpI6l5aMqpN3/2ubnSua/BHGkUVVoa2tLBBgUFxdDT0+PJqtMixYt0K9fP6nnkBYFiIqKL20RyJycHKSkpDDF1WLnzp0YMmQI5s2bh969e8PU1BSDBw+WGvDQv39/NG3aFP369cOyZcuwdOlSLF26FE5OTjA2NmaaV4v69etLOP9u3bqhdevWkDLKLJfKFUVJSQlOTk4YNmwYdu7ciWPHjsHb2xv+/v44c+YM/Pz84O3tjbNnzyI5ORmfP3/G169fUVpaCjMzM0ybNg27du3C0aNH4e7ujsWLFyMyMhJPnjxBZGQkvn79CmVlZbkf2EqjuuVATU2tytUsKkd8RUdHY9WqVTVaiFXacHCfPn0kIsqGDh2Knj170mRiOBwOFdBTVb6ronHjxujUqRM6dOiAdu3aSQRPSENTUxNpaWnUcWpqqtR7LQ9x8JS051EVVeVPHoQQFBUV0da6lJd/cWAE84N+sU4W0upVaWkpEhMTpb5vfgZ5+ZDFz9x/Ranzc1jGxsa00Nyq+O2337B69WqqJZeeno569epRUTuKMm3aNHh7e0udpyovL4etrS3atm1LReMVFRUhLCwMAoEAR44cQffu3ZnJ5FJUVAQ7OzuMHj0ahoaGNN2rV6+wadMmWmSWmD179kBbWxvjxo2DSCSCUChEeno6rl+/jn79+mHJkiXMJArh6emJ5ORk6OrqQiQSQSQSISkpCXfv3sWgQYOob7OqoqCgAGZmZgp9Yf9vRF45kEdAQAC4XC7tQ9lt27bh0KFDNDtF8PDwQHp6Orp27QpUvNg+f/6MO3fuwMjISKF5shcvXqBnz55o2LAhTE1NZS5iXBUBAQG4ePEi/vzzT+qD+Tdv3mDs2LEyVyABgJcvX2Lt2rVYtWoVRCIRvLy8qEhXRUhISEC3bt1QWFgICwsLas5RUQYNGvRTHxS7urri7t27mD9/PpKSknD//n1cuXJF5mIG0oiNjYW/vz8VncfE3d0dZWVl0NTUhFAoRHl5OV6+fImCggKYm5vTwuN/FiMjIzx48IAplsnP3n8mMn0Qc4yQyBk//DdS3bmYwMBApqhGXLp0iSn6ZZSUlJCQkBC5C5L++PGDKSKkYmz65cuX5NmzZxL/FFlY9FdTVlZG/Pz8mOI6Q03LwYsXL8jXr1+p47i4OPL8+XOazf+KkJAQpkhhnjx5QpKSkmiyr1+/kszMTJpMGhkZGcTHx4ecPn2aFjlYHcrLy2UuBC0PV1dXpqjaxMbGEnd3dxISElKjqL6vX7/SIvf+l9S0XNf0/jOR5YPqfA+LheW/QHWWjGJh+a8jywf9J+awWFjqOqyzYmGpGtZhsbCwsLDUCViHxcLCwsJSJ2AdFgsLCwtLnYB1WCwsLCwsdQLWYbGwsLCw1AlYh8XCwsLCUidgHRYLCwsLS52A/XC4muzZswfnzp1Ds2bNmKp/LQkJCbhw4YLEYqgsLCws/0Zk+SDWYVWTunhvDAwMEBoayhSzsLCw/CuR9Z79zwwJFhcXM0VVwuPxan2V49qgqu01fiU1uY//NFwuV+rK1dJgbjlSXWqyero8xBuH/l9BJBLVqEwVFxdDJBIxxf8qmLsVKEJN7gXL/89/xmEFBwdj6NCh1epJfPz4ESYmJjA1NWWqfgkfPnxAfn4+U0xDKBTCw8MDenp6uHXrFiXPyspCUlISzfZX8ODBA+jr6+PAgQNM1b+GN2/eYNSoUbCxsWGqaAgEAqxbt452H6vLo0ePMHz4cOzdu5epqhI+n4+ysjKa7NOnTzAxMcGUKVMktrrJysrCs2fPJPa2On/+PGbOnIn09HSaXExCQgLev3+Pjx8/4v3793j16hUePnyIoKAgHDhwAN+/f2cmkUt8fDwiIyNp+SOEwMbGBsuXL6fZVkVJSQn+/vtvDB48mLZ9iBihUIikpCQJ5xQREYERI0YotNK8LNLT02FmZvbTK4ej4jqYDY179+5h+PDhsLa2psnlURfq17+Z/4zDMjc3x7x58xAREcFUyaRPnz64du0anj17xlTVOvfu3cO7d+/QqFEjpoqGsrIytm7dinnz5iE2NpaSt2jRAo8ePcKrV69o9rXNlClTcPz4calblfxb0NfXx5kzZ3D37l2miuL+/fsYN24c+vbti5cvX2L+/PnIzc1lmknw5MkT+Pr6Usfjx4/HyZMn5Z5LFq9fv8asWbNosm7duiEkJARRUVESL2lNTU3cvXtXwinMnDkTGhoa+Pz5M00uRkNDA0FBQXj27BnS0tKgpKSEdu3aYdSoUQgODpa5caYstLS0sGfPHpw6dYqScTgc2NraVus+CAQCNGjQAEePHkXz5s3x9etXpgmUlZVx8eJFGBkZwdjYGDExMUDF9hYuLi4/VQ7btGmDQYMGwc7OTsLZVAdCCNzc3KhhKjHjxo3DqVOnqnVP6kL9+jdTZxwWn8+nKnhycjLS0tKQnZ0NkUiE69evIyUlRerGcxkZGdi2bRt2796NY8eOwdPTE9OnT0dQUBBQsWFgbe7kKY0fP37gzJkzmD59OlDRqkxJSUFJSQk1ZJKRkYHQ0FBqCKtevXoSO3cuWrQIDg4OKCkpocmrS1paGgoKCiASicDlcvH9+3eEhYVRLWBp564K5gZ2TL59+ya1hS2NxMREREZGUsNxxcXFWL16NebNm0fZaGlpyc3j2rVrERwcjA0bNsDGxgbm5uZye2TFxcVYv349Dh8+jKCgIJw+fZrSiXdSVZTc3FxMmTIFAQEB+O233zBu3DjahpEcDgcaGhoS+dfS0sL06dMRHx+P48eP49ixY3BxcYGzszM+fvwoYS+mYcOG2LRpExYvXoyxY8eiR48e0NTUREpKClq1asU0r5I2bdpg9OjRuH//Pi0fLi4uUne3jo2NxZIlS2BtbQ1fX194enpi1apVWL16NWWjrKwskf+0tDSUlpZi8+bNuHv3Lk6dOgUejwdHR0e8evVKaprqcO/ePRw9ehQzZ86sdi9TTExMDIyMjFBQUIDPnz9j1qxZtFESTU1NWh7Ly8sRGxuLnJwcSpabmwsXFxcEBAQANaxfLP+PX/umrkVSUlKwePFidOzYES1btoS5uTmGDx+OBQsWoHXr1jJ3Um3dujUsLS2hoqKCpk2bAgAuXryIPn36ME1/GdbW1rCwsKCOlZSUcPPmTdy5cwe9e/emXiobNmzA58+fZe5UyuFwMH/+fBw5ckTuy7cqEhIS4Orqis6dO6Nt27Zo1qwZNm3aBGdnZ7Rt25ZprhBfv37F1q1bIRQKMWzYMDRs2JBagVwoFOL69etQUVFRaKNGdXV17Nu3D7/99hsOHjwILS0tuLq6okuXLkxTmQiFQlpvtmfPnjh69CjNpjJz586FhYUFxo8fD0IIVqxYAR0dHUyaNIlpWiW7du2Cubk5NdScmZmJ6dOnK9STV1ZWRqdOnbBmzRqaPC4uTubW9dHR0Vi4cCHmz5+Pzp07Q1NTEw0aNECDBg2wZ8+eGr0clZWVMWLECIl8uLm50Y4BoG/fvvjrr79w69Yt7Nmzh6mmYOYjIiIC4eHh6NatG8LDw9G/f3/o6elh2LBh6NKlC1JTUyXSKIqXlxceP36MyMhIcDgcnD17Fs+ePUN0dDSMjY1hbW2t0OaKS5YswbVr16g6euvWLfz99984duwY0xSomLN7/PgxNm7ciCNHjkBdXR2EEDRt2hSdOnVimrNUE+k14F9Ily5dMHfuXPzxxx+ws7NDjx490LVrVyxbtgwrV66UWxh0dXUpZ4WKLr4sB1fbCAQChIWFQV9fn5JxOBxYWFggJCQEe/fuhYWFBerVq4f58+ejTZs2tPRMxowZU60dlqUxevRoXL58GUeOHMH69euhr6+PBg0aUD3AmtC9e3dcuXIF169fx44dO7B69WosW7aMej49e/aEkZERM5lU2rRpgxkzZjDFEi8v5nFlxowZA1dXVxBCUFZWBltbWyxatIhpRvHmzRuMHz8eqPjdxYsX49q1a0wzhYiKioKBgQF1rKurCxUVFYUm3OVt1S7rBTtq1CgMGzYMM2fOxLJlyzB37lxMnjwZbdu2xcOHDxEWFsZMUiWy8iErD40aNYKamhpTTIPD4VA75QLA9OnTYWdnh+/fv6N58+bIycnBt2/foK+vDx0dHSoNKuaQFCEpKQmbNm2ClpYWTp8+jUaNGkFbWxsrVqzA6dOn8fDhQ3Tp0gU/fvxgJpWAy+VCIBDQeql//fWX3GF5dXV1rFu3Di1btsSKFSuwcuVKWFhYYO7cuRg8eDDTnKWa1BmHhYrCy2xlMo+ZZGZm0gpnaWkp6tWrJzHh/at4//49fvvtN7kvV0IIXF1dsWXLFqZKAjU1Nejo6ODbt29MVY1xdnbGli1bqryXP0NaWhr69evHFMslLCwM+/fvp/7JG3KsTGFhIczNzSnHs2LFCjx9+hT9+/dnmlI0bNiQNowTHx+PDh060GwUpVevXoiOjqaOCwsLUVRUBC0tLZqdNJSVlZGWlgYXFxccO3YMx44dw/Hjx5GQkIDWrVszzSm2b9+O8PBw+Pn5UcNy4eHh6NKlS42uQ1lZGeHh4dRQoDgfsuZgVVVVoaqqyhQDFQ7827dvOHfuHKZMmYKpU6dSOgcHB3Tp0gX29vawtbVFeHg4zSGkpaVh+/btGD16dJUNiLi4OHz69An29vaYPXs2Uw1UzAUvWbIE7dq1Y6okEA/bVh4CfPnyJbp160azk8Y/MdXwf5Ff94b6RTBbfsyXrFAoRGJiIk6ePImsrCy8f/8eenp6WLp0KZycnHDq1ClMnz6dVggJIeDxeLh8+TJu3rxJ+72f5evXr1XOIwQFBWHEiBHo0aMHTc68FjEtW7aUOoFdE5KSkhAZGSnR+xCJRMjNzYWvry8t+KOmJCcnY8CAAUyxTDgcDoYNG4adO3dS/5gvRFmNAA0NDdjb26Nr167w8fGBr68vmjdvDm1tbaYphbOzM2bNmgUvLy/Y2dnhwoULWLt2LdNMIfbu3YuDBw/i8OHDcHNzw/Tp03H48GGajbKystQeia6uLtzc3LBu3TqsXbsWa9euxZo1a3D58mXo6uqCz+dTn2JU7rH169cPq1evhpmZGczNzbFo0SJMmDABffv2xbt377Bnz55q9cwHDx6MY8eOYd26dVRe1qxZg+DgYKAi3L9y0IiGhgYlS0hIwNmzZ+Ho6Ahvb280adIELVu2hIWFBa5fv47r169T6bKystC5c2fquFOnTvjy5Qt1PGDAANjZ2SE8PByTJ0+m5NLo1asX/vrrL4l3BJPK97Aqjh49ilmzZsHDwwN2dnawtraWiFzU1NSkHUNG47oytV2//q9Q55oAzEJQ+aXF5/Px+PFjKiKopKQEo0aNwsiRIzFv3jwYGhpWSvn/IxQK4eDgAFTMedUmxcXFclvWeXl5cHV1lRppxLwWMVpaWj/9fZGY9evXw8PDQ6I1mJSUBHd3dwBA+/btabrqQghBw4YNZQ4nSYPD4Ug4JGYeK5OTkwNfX19qCEhFRQWPHz9Gbm4ueDweMjMzce7cORQUFODu3bsoLS1FQEAANS9maGiI/v37IzIyEr169cLWrVslypqitGrVCrdv30ZcXBzKyspgbm6O+vXr02wqt/CzsrLg7OwMJSUlaGhoQEVFBS9evIBQKERxcTEaNGgALpeLwsJCPHv2DLm5uXB3dweHw4GdnR1UVFQwaNAg1K9fH6qqqlBRUYGqqirU1NSgoqICQgjatWtX5Us6KioKgYGB0NLSgrq6OpSVlVG/fn0UFxeDw+FAVVUVpaWlyM7OxpMnT8DhcHD//n3o6OigT58+iIyMhImJCQYOHIgJEybQejn16tWT2nBbvXo1Nm/ejLVr1yI/Px93796lAqJUVVUVXp1F2j3U0NCo8h6OGDGC+VM0DA0NMXDgQLx9+xZaWlrYsmWLhEOUNu+rpKQktfyIRCK8evWqVuvX/ymIFI4ePUqOHj3KFP/P8fDwIJ6enkQkEpFHjx6Rvn37km/fvpG0tDTi4uJCFixYQOzs7JjJyLx588jjx4+ZYpKXl0cuXbpEmjZtylTJpLr35vHjx2TlypVMMSGEEJFIRGbOnEmioqKYKuLk5EQOHTrEFBNCCJk2bRp5//49UyyTkSNHMkWEEELs7e2Jh4cHU0xiYmLI+PHjmeIak5iYSHbu3MkUyyUwMFAiTf/+/am/8/PzybBhw2j61NRUcvLkSRIWFkY+fPhAkpKSyLlz58iNGzdIfn4+KSkpITwej/B4PFJaWkpLK4/09HTy559/MsVVIhQKCY/Ho475fD7Jz88nqampxNvbm5SXl1O6/Px8EhwcTNLT04lAICCEEBIaGkoWLlxI2VQXPp9PiouLmWK5fPnyhVy9epXk5OQQkUhECCFk9+7dxNvbm2laLd68ecMUURQWFpLr16+Te/fuET6fz1QrzK+4h5XJyMigHT969IicP3+efPjwgSYnhJBOnTpR11JSUkJCQ0PJwYMHiZubG7l3716t1q//IrLes5JNgH8xDRs2hKenJ1asWIFWrVqhX79+MDU1haurK8zNzTFy5EhmEqCiZS4SiZCRkYGbN2/i4MGD2LdvH+7evYtJkyZR0Wy/gg4dOuDTp09MMQDgyJEjWLp0qcy5FWYPQ0xycrLUVl11ePToEYRCIVasWMFUAXLOXRNev36N0aNHM8Vy4XA4iIqKgqOjI44ePQonJyeJ3i8zj23btsWyZcswZMgQ9OjRA58/f8aVK1fg7e2N9PR01K9fH2pqalBTU6uyt8flcvHixQucOXMGN27cYKoVoqysDPb29li7di3c3d1x+vRp3Lp1C9HR0bCysqKtoqGtrY1p06ahdevWtBY8szUvjaysLFhaWsLKygoeHh7w9PSEl5cXHB0dMWjQIKa5XDp27IjJkyejcePGtPurSD5QMSdlaWkJNzc36p+TkxN27NiBqKgopjlQEfZ9584dPH78GN7e3vDy8oK7uzuWLVsms3xK42fuoSK8ffsWY8aMoY5HjhyJpUuXUgEilenSpQvmzZuHESNGYN68eUhPT8eGDRtgYWGBZs2aSZRdFgVhejAix7v9rykuLiavX7+mHZeVlVHHXl5exN7enjoW4+joSNTU1Miff/5JDh06RJKSkmj61q1b047lUZN7M3DgQFJYWEiTBQYGkqdPn9JklXFyciKHDx9mikl6ejoZO3YsUywXZg/r5cuXxMfHhyarTExMDJk4cSJTXGP27NlDe06K8Pz5cxIdHU2TVX5u+fn5cns9/v7+VFkoLy8na9asIZGRkUwzEhsbSywtLcmGDRvIokWLyIwZM8jy5cvJ/v37SXh4OBEIBDXuYclj9uzZTJEEoaGhZPHixUyxwqSkpBArKyumuNrs3r2b+Pv7M8VSEYlEpE2bNkwxGTx4MMnLy2OK5eLt7U2Cg4OZ4mrxs/ewMjdv3iSzZs2ijqOiosiQIUNoNmJSUlJIREQE4XK5TFWt16//IrLes3Wqh6WpqQk9PT3aMbN3xJyYBwBLS0sUFxfj6dOn2Lp1q0TU1K9u7SxatIi2PExsbCz09fWrHJ+Xli8fH59qtTqZZGZmQigUwtzcnKmiIe3c0hCJRHLnRsrLyyESiZCdnY3IyEhcvHhRoRUnhg4dKhFVyHxu0uYIxHh7e2PTpk1ARZlYu3YtTpw4wTRDnz59sH79enTr1g07duzAuXPncOLECVhZWWHw4MFU67wmrfTCwkJs3LgRFhYW8Pb2hq+vL3x8fODk5IQGDRootBadvHk7Md+/f4eFhQU2bNiAkydP4tSpUzh16hT8/f0l5s5qiiL5QEW5kRbc0qxZM5kRhl++fMGGDRuwb98+Wv5DQ0MVjgyVh6J5lwePx8OBAwfQsWNHuLi4ABUjJIaGhrQgEjHt2rXDoEGDpC5mACn168uXLxLBHCySyK7xdRRZAQ7yCq00J1ebrFy5Ek+fPqWiuvr27Sv3uzExzHx9//4dqampP7X2oa6urkLfgzDPLYvS0lJYWVlhwIABWLZsGfbs2QNHR0cqHPrEiRPQ1tZGUFAQbty4gbCwMNqqDz+DtCg7McrKyrTPGdLT06VGc6Fi0tvCwgJdu3aVeJGIkXcuWTRs2BDGxsYoKirC4sWLqeg9sWNRxAnK+oi8Ms2bN4eRkRFUVFSwfPlyLFmyBEuWLMGuXbuwc+dOpnmNUCQfYqQ5Y3kffXfq1AktWrSAtrY2Lf9+fn4SS1vVhOrkXRZbt27F9u3bceDAAVy9ehVnzpxB48aNsX//fqpsVwdm/QoNDYWNjY3E2pMsdP5zDquqD2+l0bFjR6aoVuFwOHBxcYGXl5dERZZH5XzxeDycOXNG7moNtYmi90RLSwuHDx9GVFQUPD09YW1tjY0bN9LCoTds2IBNmzbBxsYGDg4OVUZmKQpzTqsyVlZWmDFjBgIDA2n5qgkcDgfNmzdnihWiefPm+PHjBxISEhAfH4/3798jKioK+/fvx5o1ayQWumXSsmVLpkgqzZs3x7dv36jzvHv3DuHh4dixYwe2b9/+U2vpoRr5QIWjPn78ONzc3HDixAlqOTF5H063bNkSqamptPw/f/4cW7durdbistKoTt6lcfz4cRgaGmLixIngcDg4fvw4Hj9+DEdHRwCAnZ1dtesls34tWLAAb968qVHD6P8S/6n9sMLDw9G7d2+ZvSxZXL58WeFey8/cG6FQCB6PJ7OlX5mHDx9iwIAB1PBKYWEhGjRoILMHII/q7of17ds3pKam0lbn+LfB5/Px8OFDjB07lqmiSElJwf3791G/fn1Mnjy52uVCTHl5Oe7du4eJEycyVQrx8eNHqSsrKCkpYdCgQTJ7WqmpqeDxeAp9qIqKj9Tz8vKYYmhoaMgM7FGEx48fY8iQIRLD77IICgrCnDlzmGK5EEIQGxsrdUULLS0t9O3blylWiOreQyavXr1CkyZNaCMiwcHBMDU1pT03Rb63FFMX6tf/Glnv2f+Uw/onqIv3proOi4WFheV/iaz3LOuwqomNjQ3evHkjM4T+38jx48fx4MED9gNFFhaWOoEsH/Sfm8P61YwdO/YfXem9NpgwYQJTxMLCwlLnYHtYLCwsLCz/KmT5ILaHxcLCwsJSJ2AdFgsLCwtLnYB1WCwsLCwsdQLWYbGwsLCw1AlYh8XCwsLCUidgHRYLCwsLS52AdVh1mOqsS1iXKCsrQ2lpKVNcJTVdOFSR1eOZ1CSNPLhcLrhcLlMsFx6PJ3el/H+SmpTFmlwzi+IIhUKUl5czxXKpaZkihFT7XDWhzjksKZ+NARVb0X/58gVhYWESN1xWGoFAgOzsbLx69QrJyclMNV68eIH379/TZNnZ2ViyZAmOHz9Ok/8vuHfvHoYPH/7Ti4OKuX37NubOnYs7d+4wVVLh8XjgcrkQCoXYtm0bTE1NkZaWxjSrNjk5OViyZAmMjIyq9UK7efMm9PX1cerUKaZKKunp6QCAp0+fYsCAAThz5gzTRCoCgQAeHh7o1asXzp07x1TXiB8/fmDBggUYN26cwltqfPz4ESYmJgqvg1lbFBUVMUVwcXHBwIEDcenSJaZKJjW55pqSlJSEq1evIj09HcXFxcjPz0dWVhYSExPh4eGBPXv2ID8/n5lMYZ48eYIFCxbg5cuXTBWN8vJypKSk0K5XIBCgsLAQSUlJ+PDhA83+Z8jKyoK5uTkmT56s8P2taZkqKCjAli1bMGLECHz8+JGprjXq3IfDN2/ehKenJ9q3b4/WrVtDS0sLKioqUFdXR0FBAWxtbZGenk5b9Tg/Px979uzBt2/f0L17dzRp0gRqampQVlZG/fr1ceLECUyePJnaP0lMdHQ0Zs2ahatXr+K3336j5ElJSVi8eDEePXpEs6+KjIwMoIpVxqvLx48fsXDhQrx48YKpqhEPHz6Ei4sLQkJCmCoJsrKysHHjRnTt2hW7d+/G3LlzsXDhQowbN45pSqO0tBQfPnxAp06dqN1aL1y4gBMnTsDNzY1aqLRbt2549eoVtQBwcXExrl27Bi0tLSgpKaGkpAQfP35EmzZtqP29bt68iaCgIJw+fbrSGSUhhMDT0xOHDx/Gs2fP8OjRI0RFReHw4cM0O4FAAC6XK3WLCnd3dyQnJ+PQoUNMlVQyMzNRVFQENTU1lJeXg8vl4tOnT+jduze6du0KVOyj9OnTJ4lVu2/cuIGGDRtCW1sbOjo61I7TIpEILVq0kFhcNzs7G9u3b8ebN2+qfIlWBx6Ph3nz5mHXrl0S+5WdPHkSX758gZ2dHSX7mWtWhLCwMJw7dw5btmypcqcGe3t7XLx4ERs2bICysjI4HA6UlZWhpqYGbW1tDBkyROZCxIowc+ZMNG/evMrG7JkzZ/Dw4UN0794dDRo0gLq6Oggh2LFjB8zMzCTK4M/SrVs3vH37VuL+VrdMMVm+fDnc3NxoWzfNmjULy5cvh5GREc22usjyQbI3iaplQkJCEBMTA1RsxGdiYiJzQzd5TJgwQeZSQy9fvsTIkSMlHkyjRo2orQCkcfr0aamrfvfv3x+9e/eGn58f2rRpA0IICCHIy8uTuWr6y5cvceTIETRu3BjdunWDmpoalJSUkJ2djd27d8Pe3l7CMcoiIiICGzZsQI8ePfDnn3+Cz+eDx+Nhz549iI2NRdu2baGpqSkzL9L4/PkzfHx8oKGhgWbNmkFFRQUCgQAnT55EcHAwmjRpovDvtWjRAjt27MCePXuAig015e07VpmbN2/i7t27ePr0KQBgxowZuH79Or59+0Y5LDU1NVpetLS00KtXL+Tl5aFr165o3LgxfH19aUOB4oaINLKzs6nr43A4WL58Oa5duwYejwcNDQ2p111eXo4VK1agQYMGcHZ2pm3I17BhQ5nnkoampibOnDkDLS0ttGnTBmpqali/fj3CwsIoG+Y1i+nevTtsbW1RWlqKjh074siRI0DFiu/S7nnTpk3h6emp8AriinD69GkEBQVh0KBBcHBwQJs2bWjOSVpZ/JlrVoShQ4fi+vXrMDU1xatXr5hqGoMHD0Z0dHS1V5JXhH379iEuLg42NjYoKSmRuyPD/PnzMX/+fOq4uLgYJiYmWLlyJVWXqktBQQFcXV1hZWXFVEl9LqhBmRJz8+ZN+Pr6IisrCxYWFti7dy90dXWBijrxS6FvQPz/kLU9cU3Iy8sjI0eOJFOmTCGXL18mjx49IuvXryft27enbXdfXb5//05u3bpFvn37RsmCg4OJh4cHzY7J48ePyatXr4hAIKBkY8aModlUZvr06SQmJoYmS09PJ0ZGRjSZPMrLy4mRkRHZuHEjU1UlgYGBZNu2bdSxSCQiXbt2pY7T09PJ4MGDqWNFyMrKIkVFRTRZ9+7dCanYvtvExISmI4QQd3d3smfPHnLixAni5uZGZs+eTb58+ULi4uLIzJkzCSGELF26lDx48ICZVCq5ubnk999/J0+fPiX37t0j165dI4aGhuTp06eEVFxnz549SWFhITMpDRcXF3Lr1i2yY8cOcvLkSbJlyxapW6KXlZWRTZs2kfPnz9PkJiYmJDk5mYSEhJAtW7bQdGK+f/9ONDU1JbZ4P3PmzE9tQW9tbU3c3NyoY6FQSDp16kTKy8tpdtL4/Pkzef/+PSGEEF1dXaaaQtp29TUhPT2dDBw4kAiFQkq2detW2hb2Z86cIdu3b6eOpfEz1ywNPp9PevXqRUJCQpgqCZ48eUJmzJjBFP8UPB6PrF27luzbt48IhUKSlJRE9u/fTyZOnEgGDBhAvLy8mElo3Llzh3Ts2JG4u7szVQohEomIt7c3GTNmDOnZsyfx9fVlmhA9PT1SVlbGFEugSJl6+fIlGTVqFOFyuYQQQj58+EBGjhxJ6ZcuXUru379fKUXNkOWDfvkc1oYNG2BiYoKQkBCYmJjAwMAATk5O1HFNx42bNGmCtLQ0zJ49m5K9f/++yrHXjh07YtWqVVTLvqysTO5eO7Ja0BoaGkyRVPh8PhYtWoTff/8dDg4OTHWV6Ojo0MafeTweevXqRbOpLs2aNcP79++RkpICVPQ89PT0mGY0VqxYgXXr1mH58uUwMDDA27dvqU3oKrfeZN0vJsrKylBSUoKOjg46dOiAPn36oFmzZnBxccG2bdtw8OBB5Obm0n47KysLmzZtgpubG7y9veHj44PIyEi0bt0aBw4cwLJlyzB27FgoKdGL9evXrzFy5Ejo6uriyZMnMjdylNYKBQAfHx8sWrSoRiMCsnj27BmeP3+OmTNnYvPmzdi+fTvs7OxQWFhIy8f+/fthbGyMffv2wdHREU5OTjhw4AD27dsHT0/PKie6+/XrB19fX/j7++PkyZPw8PCAo6MjDA0NMX36dJnzu0zevHmDIUOG0O7t+PHjER4eTrOTh6LXXB2sra3B4XCoYWN5tG/fHqmpqbhw4QJCQkJw7tw5eHl5YdGiRfjtt98QERHBTCKXp0+fYtOmTVi4cCF27twJJSUldOjQAVZWVrh+/Tr8/f3B4/GkBqQ8e/YM69evx+vXr3Hnzh3o6Ohg//79MDExgb6+PgIDA5lJpLJ27VokJCTg+vXrePPmDb5+/YotW7YwzWqtTInnucUjDT169IC6ujq+ffvGNP01MD0YkePdqktSUhLN+zKxsbEhPj4+TLHCZGdnk3HjxlHH8fHxNL0s1qxZQ168eEEIISQ/P5/WS2Myd+5csnPnTuLs7ExcXFzIsWPHyP79+4mFhQXTVILv37+TUaNGkSFDhiicNybh4eFkw4YN1HF2djaxtramjmvSwyKEkBs3bpCOHTsSQgh58OABuXDhAiFyeliVcXBwIBMmTCAODg5k586dZM6cOYRUtK6ePHnCNJdKUVGRRL7Nzc1pve5evXqR4uJimo2/v7/UHpS4x3z//n2yYsUKmu6vv/4isbGx1PGOHTvIpUuXSFZWFvnrr7+oHtbWrVtp6QghpLS0lLRu3Zq8ffuWEELIiRMnyMGDB4mtrS0xMTEhO3fuZCapkpSUFDJp0iTi5+dHLl68SNN16dKF8Pl8mkzc+yguLianTp2i6Yic1rAYPp9PG1GoCdLq8oEDB2j5kdfDqu41K4KPjw8xMTEh5eXl5Nq1a2TFihXEx8eHpKenM00pysvLSWZmJsnMzCTZ2dmEx+MRkUjENKuS+/fvk8jISKZYLiUlJeTevXvk3Llz5MWLFzLPm5OTQz59+sQUS5CdnU26d+8u8Tt6enqkpKSEdszswda0TAUEBJDNmzdTxwKBgOjp6REej0dIXe9hJScnw8DAgCmmMDAwkBqdVx3Enp7P50NHRwePHz+Gvb09oqOjmaY0xOnEk/deXl7w8vKSaF0sXrwY+/bto7Z7X7NmDbZv3479+/cDFQEE0rhz5w42b94MZ2dnPHz4EB8+fMCaNWswcOBAzJgxg5rPqwodHR3ExMTAy8sLPj4+cHFxkQipljdeLosJEyZQO/BqaWlh6tSplO7Hjx8ICAjArFmzJCbsCSEICAiAj48PNm7ciDlz5tBab8zejSw4HA6+f/8OT09PuLu74/jx43j//r1ES1lVVZV23LBhQ1oARFpaGqytrbFr1y7cuXMHDx8+lMhDVlYWevToQR336dMHXl5eOH36NHJycmi2TPbu3Qtra2v4+/ujvLwcs2fPhpmZGbZu3YpJkyZVu2fw9etX2Nrawt/fHwsXLkRkZKTEvAPzN1VVVeHv749NmzYhNDQUTk5OtF43IQQ8Hg+XL1/GzZs3aWkBQEVFRWrPNzs7GxcuXMDDhw+ZKgk6dOiAKVOmYM6cOTh16hQsLS3x7t07mJmZ0eyklcWaXHNVuLu7Iy4uDsHBwVBVVcWkSZPg5OSEb9++oX///rQt6wsKCqi/VVVV0aJFCzRt2hRqamooLCxEamoqEhIScOXKFRw8eJA2vyYLIyMjDBgwgCmWgMfjQSQSAQDq16+P0aNHY+bMmdDX15e4ZkIISktLUVJSgjdv3iA+Pp6mZ1JYWAhdXV2J35EWMMG0qWmZmjVrFjIyMrBlyxb4+vpi5syZ2LJli0TcwK9C9sxaLRAaGooOHTowxRQGBgbYvXs3UyyVgoICHDx4ENHR0TAwMECLFi2grq6OyZMnIyQkBEKhEEpKShAKhWjZsiU1EX/79m14eHigSZMm6N+/P7S1tdGnTx98/PgRnz9/BioeZoMGDVBWVgY+n48rV64gIiICDRs2hKqqKl6/fg0NDQ38+PEDjRo1gkAgQElJCZKTk/Hq1Sv8/vvvVHjzp0+fcOXKFbRr1w5+fn5U/k1MTGBiYgI+n4/Q0FB8+fKlymE4VERQ7dy5E6NHj2aqKMTRPdVFRUUFfD4f9evXx4ULF6CmpoZv376hQYMGGDhwIIYNGyYReXXt2jUYGBigefPmlKwmDktVVRVjxozBjBkzUK9ePaiqqqJZs2Zo164dZdOkSROJbdm1tLQQFxeHffv2IS0tDQMHDsSqVasQHh6Oli1bol+/fnj8+DEtzfjx4xEcHIy5c+dCIBAgODgYTk5O6Nq1K549e0bZMSv1ixcvoKysjOXLl+Pt27eYOHEizp49i5YtWwIV94+ZRh5v377F48eP4eHhQTniffv20V760oJGTp8+jbi4OHh4eAAV9WrNmjXUsVAopIabW7dujefPn+PYsWMoKSlB//790bhxY2hqakJJSYn6Xkb8DZRAIICmpiZGjRpFO6c0LC0tkZWVhY8fP2LUqFHUkHBlmGWxptcsi7y8PHh5eaFfv36wsLCg6dTV1bFjxw4sWbIEBw8eRGpqKtq1a4dr167Bzc0Nbdu2Rbt27aClpQV1dXXqf/H5RSIRmjVrJtFoZRIVFYXAwEAqvTjauLi4GBwOB6qqqigtLUV2djaePHkCDoeD27dvIyAgADdv3kTbtm3Rpk0bqKurg8vlIigoCKtXr4ZQKIRIJAKPxwOPx0N5eTmtocWkY8eOKCgoQHp6OlVPv3//jh8/flS5WWt1y5QYZWVlBAYG4u3bt8jIyICrqysVcPGPwOxyETndsery6NEjYmNjwxRTVKVXBBsbG1JaWsoUy+XDhw9Su8GVCQ8PJ0+ePKEFJxgYGJAvX77Q7Crz4sUL8vLlS+o4IyODrFq1qspzVYeLFy+SSZMmkTlz5pCrV68SPp9PPnz4wDSTikAgIJs3byZ//vknMTAwIGPHjiW2trbkzp071NBbTEwMMTMzYyYlpCJw4a+//iLp6ekkICCAeHt7EysrKzJ//nxCKoYDIiIimMmqhDlcQSqCTebNm8cUk9LSUuLm5kZevXpFGwpxdHQk5eXl5OHDh8Te3p6WhsvlEktLS7Jw4UIyY8YMcvPmTUpXOeiicnDLly9fyObNm2lBBs7OzmThwoXUsa+vL/n777+pY3kUFxeTN2/eMMWEEEIiIiLIo0ePCCGEmJqaMtVk6tSpEoE/PXr0oP5u2bIlTUcqghkqDwvVJlwul3ZfSktLyffv38n169dJXFwcJf+Za5bF8+fPacOb4eHhZPHixVSwzj/Fly9fyNWrV0lOTg5VDnfv3k28vb2ZpnLJzs4mv/32G1OsMK9fvyajRo0iBw8eJI6OjmTkyJEkLCyMZqOnpycx5FqTMqUIdXpIUE9PD76+vkwxRVU9MHm8fv0aFhYWKCgogLW1NW7cuME0kUAkEmHPnj1wd3dHQkICrKysUFxczDQDKkJghw8fTg2biZHXEtTX18fAgQOp41atWmHmzJm4fPkyze5nmDp1Ks6dOwd3d3dMnDgRKSkpiIyMRGZmJtNUAmVlZRw+fBj+/v64efMmbt++DWtra/z111+0oZzKoduVcXR0xK5du9C6dWsMGDAA06ZNw5w5c2i9KkV7WJU5fvy4RDmYMWMGnj9/TpOhItjFwsICf/zxBzgcDoqLi+Ho6Ah/f3+4u7ujQ4cOmD59Oi2Nuro6HB0d4efnh/Pnz2P8+PE0vRhxbyk9PZ0aWq58PWvXroW+vn6lFJK9Mlloamqid+/eTDGePXsGNzc3HD58GFFRUXBxcWGaoHPnzrSAgOTkZNrzkpYHJSUlfPz4EZ8+fWKqfpro6GgsXrwYhw8fhqenJy5evIgnT57g6tWrOH/+PGX3M9csi6FDh9Lq4ODBg9GuXbsqAyZEIhF8fHzg5+eHM2fOUEEoJ06cgLOzM5YtW6ZwAAoqejeTJ09G48aNafdf3vtBFtKen6Lo6enhzp07MDY2xogRI3D79m0MGTKEaSZxjpqUKVmkpqbi0qVLOHv27E9P8VQJ04MROd6tJqxfv56sX7+eKSavX78mffv2ZYoVorCwkAwbNoya6CMVnj06Oppmx2T//v3Ez8+POv706ROZNWsWzUYeBgYGJDU1lSmWS0REBJk6dSpTXC2+fftG1q1bR9auXUucnJzItm3byMSJE4mfnx85ffo0OXPmDElKSmImk8vDhw+JkZGRRJh3TEyM1F7Dw4cPSVBQEFNM4uLiqB7Z0qVLSVRUFNNEIbp06UIuX75MgoODyblz50hgYCBp374904yGQCAgxsbG5OPHj4QQQt69e0dmz57NNJOLiYkJycjIICEhIVTAAHMSWxa+vr4/NUJw6dIlsmPHDiIUColAICAbN26U+llAXl4eGTVqFFm2bBnZunUrGTJkCG3Cv3Xr1jR7UnEN169fJ02bNqVClX81Bw4ckNmjEqPoNVeHQ4cOERcXF6ZYguzsbHL37l2SkpJCcnNzab2Opk2b0mxrwu7du4m/vz9TTKOgoIAsW7aMtGzZkohEIpKdnS0RzFLb6OnpSQTd1KRMHT58mFhaWpLVq1eTWbNmkfnz5xNLS0sSEBBAMjMzCanrPSwA2L17NxV84evri5CQEJibm8Pc3Fxu70sesbGx6NOnD22iz9DQsMpe1sOHD2mrMHTp0gVv3rypVstK1gd1XC4X6enptGWhCCFUSGtRURF+/PiBtLQ0XLhwAcePH1e4NaKrqwtnZ2e4uLhg/fr1EIlE4HK5GDNmDObPn4958+ZJ9FCqwtDQEFOnTkVqaipN3rZtW4mJ9NTUVPD5fNonBJWp3KqsSQ9LTO/evdG/f3/o6+vjzz//lNnTE/Py5Ut0796dWjGhZ8+eaNq0qcRyWlUh/thR3KqsTuuyOrZMPDw8qHBoZWVlWFlZUXMIlWnUqBEePHiA7du3Y8GCBQgNDaVN+EvLA4fDwcSJE6GnpydV/zPcuXMHpqamcHZ2hq+vL3x9feHl5YWkpCRkZ2czzWkoes3SyM3NxY8fP2hh4iKRiPqXn5+P79+/4/Pnzzh58iROnTqFkpISyrZJkyYYM2YM2rVrBx0dHVpdrknPSBqy3g9iGjZsiJMnT0IoFILD4aB+/foy61VtwqyXNSlTGzduxJAhQzB+/Hh4enri9OnTcHR0xNy5c9GiRQvKrrbupTRq/nZRkEaNGiEkJAROTk5ITk5GTEwMTExMEBMTo1DQgTR69OiByMhIWsF9/vy51EngyvTt25c2IZ+eng4lJSWpD0cW0pboQUVBDQwMxNChQ2FhYQFra2vY29vj5cuXMDQ0hL+/P86fP48rV64gMzMTfD5fItqvKkQiEbZt2wahUIhbt27B398fNjY2Cjs+JtIKVuPGjdG5c2earF27dvjrr79oMjEcDodWWKtyMvLo3LkzOnbsiPbt26Nt27ZV/pampqaEw01NTZX5jKTRtGlTatiXGZGoCNLuoaJoamrS1l6sKu+dOnVCr169JAJR5OVbWVlZYm1NkUiExMREmcPhVTF27Fjk5eVh4sSJVONz6dKlOHnyJAwNDZnmNKp7zZXh8/mwsbGBgYEBNmzYAFtbWzg4OECzYoWVgIAAXLhwAbdu3QKPx0NhYSHNYclDWnRjTVD0WsRBHhoaGli5ciUlVzS/1UFVVVXmO646ZUpJSQkzZszAxIkT5V7nr4wYrHNrCYoRrxc3YsQIvH37FqqqqvD29pZoSVSmsLAQCxcuRKdOndCoUSPcvn0bhw4dwvDhw5mmUjE2NsbVq1eZ4n+EhIQEODo6Ytq0aTTn8ejRI6xYsQJnz55F//79aWmq4uXLl/Dw8MDIkSMpWXZ2Nm7cuAFVVVXcunVL7v1ERdRWYmIiBg4ciGXLlsHOzg5NmjRhmlVJnz59sGjRIgiFQurf1atXq1wjce7cudDV1cWwYcPw6NEjqKqq0kKaqyI+Ph49evTAlStXkJWVheXLlzNNZOLn54eSkhKsWrWKqVKIly9fYu3atVi1ahVEIhH16YJ4aSpFMTIywoMHD5hioGJU4enTp2jVqhVEIhGEQiHevXuH1NRUDBgwQOEoXSYzZ87E/Pnz0b17d+p3v3z5glu3bmHUqFGYMWMGMwlQi9dc2wwfPpxaTKCm2NraYtKkSQqFux86dAg8Hg/a2toghEAgEFCLbW/atAlLly5lJqkxpqam1Z5Hl1em5LF8+XJs27ZNotFbXWT5oDrrsFDxjUNCQgKaN29OhRorQlpaGvLz86m1/hTl3r17GDNmDFP8ywkNDUVRUREmTJggtUWfmZmJuLg4uaHv/wRXrlzBlClTmGKFEH+jU5nXr19LLLAqjfv37+PTp0/o27cvhg4dylQrRGxsLDQ1NdGlSxemSiZPnz5Fo0aNpAYWKMrXr19x9+5dqKioYOLEidRiwNXh8uXLVa7wUtuUlJTg7du3UldxEIePy6I2rrm2OXHiBFasWMEUV4vHjx9jyJAhEr2V/zXXrl3D5MmTmWK51LRMhYSEYMqUKTJ7dIoiywfVaYfFwsLCwvLfQ5YPkj/ew8LCwsLC8i+BdVgsLCwsLHUC1mGxsLCwsNQJWIfFwsLCwlInYB0WCwsLC0udgHVYLCwsLCx1AtZhsbCwsLDUCViHxcLCwsJSJ2AdVg2p7jqAiiDlG+7/CTVdY47L5Upd+UAeJSUl4PF4THGVcLncf+x+lZeX1/ie1AWEQmGVmxaKKS0trfYzrgyfz6d24GX5tRBC/rE68k/xf95heXh4YP78+QptWc/j8ajVok+ePIn+/fvjzZs3TLNq8/XrV6BiXbsJEyYovBZeQUEBli5disWLF1e51Xt1ePDgAfT19XHgwAGmSi4REREYPnw4bTHPqkhMTMTEiRMxefJkcLlcplomb968wahRo2BjY8NU1Rp5eXkoLi5GUVER1q1bh1GjRtXIuf7bycrKgrm5OSZPnkzbJl0aQUFBEtvbV4fExERMmzYN06dPr/JcilJSUoIVK1Zg4sSJSE9Pp+nKysrw5MkTCfnr168xc+ZMPHr0iCavq/D5fGqXdTGfPn2CiYkJpkyZItEgycrKwrNnz1BQUECTnz9/HjNnzpS4X/8W6pzDunz5MmbOnAlra2u4ubnB09MTnp6eOHHiBGxsbNCtWzeJByePlStXonfv3rSN52QhEAiwd+9ejBs3Dtu3b8egQYNoK0/XlKtXr6J79+5o1qwZTp48icDAQKYJkpOTsXTpUqxcuRIbNmxAUVERtLW14eXlheTkZCQmJjKTKERWVpZEYZ4yZQqOHz+OJ0+e0OSVOXv2LCZPnozp06fD2toaAGBgYIDr16/L3EwvPz9fosXXt29f3L17F1FRUTR5Vejr6+PMmTO4e/cuU0UjLCwM69evr1EFzM/Ph6mpKVxdXeHt7Y1v375Vq3dRUFCAL1++SO1R8Pl8XL9+Hbdv32aqEBwcjD59+uDixYtM1S+hVatWCAwMREJCgszrS0lJwZgxY5CRkQFdXV1MmzZNoUZeSUkJ1q5dSx3/9ttvuHjxIsLCwn56vTkxmpqaOHHiBLS0tPDhwweaTlVVFbm5uRg8eDBN3q9fP4wfP15uGVeE7OxspKen48mTJ3j9+jUAICMjA3Z2dnj58iXN9vXr1xg9ejQ2bdpEk9cGr1+/xqxZs2iybt26ISQkBFFRURJlUFNTE3fv3pVY7HnmzJnQ0NDA58+faXJU9Nj27duHjh071sp7rybUOYdlamqKgIAA7NmzB6tWrcKyZcuwbNkyrFixAuPHj8eff/5JW9D2+vXrOHXqFJ4/f46nT5/i3r17CA4Ohru7O9XCa9OmjdRFZQHgx48f1N9aWlpwcXFBVlYWULH7bW1UupUrV6JLly4oKChAgwYNpK6Q3qFDB1hbW8Pc3BwrVqygLe+vra1d43wUFhbizz//lFipul69enJ/c/bs2fD19YWrqyt27dqF/Px8FBQUyF1MOCIiAsOGDcP9+/dpcmVlZWhqatKeQWJiIiIjI6keTXFxMVavXo158+ZRNlpaWnLziIodajU1NRVayFMkEtF6qh07doSdnR2SkpKAiq1TqjpfZTgcDk6dOoWWLVvCzc0N7u7ucHNzg6urKw4cOIAXL15IbWhMnz4dpqamVe4tpSg5OTkICwujXZuzszNGjBhBK9+ampoyr2/Xrl3YunUrrK2tYWlpCU9PzypXqXd0dMS8efPw4cMH7Nq1i6pvSkpK1d7Oo6ysDEePHsWhQ4fg5uYGDw8PbNy4kVpzDhV7TTHrjpKSEkxMTEAIwfHjx3H8+HEcO3YMzs7OePjwoczrlcfly5fRs2dPbN26FX///TcuXLiATp06wdDQELa2trh+/To6duyItm3b0tL169cPO3fupEZUaoPc3FxMmTIFAQEB+O233zBu3DjExcVReg6HI/U9paWlhenTpyM+Pp66Jy4uLnB2dsbHjx8l7FHxW7t27UK7du1QWlrKVP8jSL4Z6wDS9moBgI8fP8LExIQmMzIywvnz5/Hs2TPo6OigU6dOaNiwIU6dOlXlZmt5eXmYNWuWxPbzspxbVQQEBMDKygo+Pj5wdHTE6NGjqVZ05YpWubB8+vQJ7u7uOHv2LCIjI5GYmIiwsDBs2bIFgwYNQmRkpESa6tC1a1fo6OggPj6eqZJKZGQk1q1bh3379sHNzQ0nT57EsWPHsH79ehw5coRpTmPs2LHo37+/zGGYytegrq6Offv2wdbWFqioYK6urjJ7b7IQCAS4du0adu3axVRJkJSUhKlTp9KGqqoqI/Jo2LAh9u/fj/LycqxatQoWFhZYtWoVVq9eDRsbG+zbtw9r1qxhJgMqGgy1hZqaGu7evYtJkyZRsvXr10NDQwOFhYU0W1n8+PGDtmVE48aN5b60HB0d8f37d4SEhOD+/fvo3r07duzYwTRTGDU1NSxbtgyLFi3CqlWrsGLFCjx9+hRGRkZMU6nUr18fa9aswZo1a7B27VqsX78e48aNk3BwimBqago9PT1MnDgR7u7usLS0RJs2bdCsWTNs2LABK1aswKxZs6TuIFGbzxUVDQlzc3M4Ozvj4MGD8PX1VXhIXllZGZ06daLuybp167B+/Xr06tVL7n2p7WuoDrJzVQf5+PEjbUdhVPSC+vXrhw4dOqBXr17o3LkzdHR0qtw80sfHB7Nnz4axsTHWr18vdZgO1XQU8+bNQ0REBHR0dLBs2TLcvXsX06ZNY5rRCkvXrl3x22+/oW3btvjjjz8QHByMBQsW4PDhw3j58iX++OMPoJr5qExaWhri4uKwYMECpkoqf/zxB/bs2YNdu3ZBX18f3759w/r16+Hn54e9e/cyzWlwuVyEhIRg9erVTJUEbdq0kbqnEvM6mcdMrK2tweFwoK2tzVTRWL58OQ4cOABjY2NMmTJF5txkVeeTRk3SDBo0COHh4QgMDMSpU6dw4sQJuLu7Y9WqVdDX18fNmzeZSWSipaWFZcuWMcVSX0qy8rpkyRLs3r2bmmf08fGRu4/cjRs3aOecP38+7t27R7OpLlpaWmjevDlQsReZkZERlJSUEBERgQcPHiAlJYWZhEJWI1NDQ4MpUghZv1cVXbp0QX5+PgIDA+Hr60s91927d0NfXx/79+9nJpFLVFQUDAwMqGNdXV2oqKgoFCQk7xrk3ZcRI0bg7NmzOHPmDDUd4+rqimnTpmHkyJFyn8PPUvPm4z9MdHQ0Ll26BB0dHairq0NZWRkqKiooKiqCjo4OBAIBUlNTYW1tjRs3bqBz584ICQkBALRo0YI2Wc7n89GzZ89Kv06nrKwMdnZ2ePv2LerVq4cNGzbAyMgIQ4cOhbq6usR4cHXQ1dWFjo6O3B07mS8NAwMD3Lp1C/v378fkyZOxY8cOdO/eXWL8OTMzE9+/f0efPn1ocnk4ODjA0NCwyt19K6OlpQVzc3MMGTIE48aNw8KFC7F9+/Yqz+vp6YnBgwejVatWeP/+Pa5duwahUIiysjLk5ORIXDcq5qAqV+LqTNT7+vriw4cPiIqKwp07d7By5UoMHjwYY8aMQevWrSm78PBwZGdn49KlSwCARYsWYfbs2QgICMD3798r/WLNkHZdVTFmzBiMHj0aAoEAKioqNfoNJhkZGbR7KW2eQhqEEHTo0AGmpqZYu3YtysrKkJKSInf/qM6dOyM+Pp7qlSUnJ9N2pv4ZEhISsH//frx9+xbh4eF4//499PT05NYpZWVlODs7g8PhUPcyOjoa48ePZ5oqBPN5KBow1KJFC9y6dQvl5eVQUVGhNRpqsplmr169EB0dTfU0CwsLUVRURO2iLQ9lZWWkpaXBxcWFuh4Oh4OEhARa/WDy999/QygUghBCG4FQpCH60xApHD16lBw9epQp/p+TmJhIHj16RLKzs0l5eTkhhJAOHTowzSQ4c+YM8fDwoI7v3btHbt68SdPv2rWLOs7LyyNDhgyhjgkhZMWKFWTZsmXk5MmTpGfPnoQQQjZs2ED7HUVYsGABCQ0NZYrJpEmTSGJiIsnPzyfDhg2j6crLy0nfvn2JQCCgZH/99RdJT08nhBBiYmJCduzYQZYuXUpWrlxJ+Hx+pdSyiY+PJwYGBuTKlSskKCiIpouJiSF//fUXycnJIT4+PiQmJobSXbt2jXa/EhMTiampKSGEkOLiYqKnp0fpxGRmZpIRI0YQLy8v8uDBA0IIIV++fCHFxcWkrKyMtG/fnnZ9hBASEBBAduzYQZN17dqV+lvavRLj5uZGNm3aRPtNLpdLDhw4QJo3b04cHR0p+eXLlyXOM2jQILJ9+3ayd+9eYm5uTgghRE9Pj5SWltLsFKFdu3YSz0QoFJLQ0FDi6elJ8vLyaLqqEAqFJCwsjAQFBZHMzEymWioZGRkSZXr8+PEkMTGROtbT05PIpxgnJydiZWVFHdvY2JDg4GCaTWUyMjKIgYEBOXLkCPHw8CCjRo0ib9++pfRdunSReN6K8PXrVzJz5kwSHx9Ptm3bRrhcLqVbunQpuX//Ps1ejDR5fn4+4fP5RCQS0X5HERYuXEju3btHQkNDia2tLYmIiCCDBg0ikZGRJCkpiZw5c4Zs376dlJSUMJPK5ePHjyQwMJB2r+SRkZFBjIyMiL29PXF1dSVjxoyh6peY7t27047FFBYWkoiICKaYZGdnE1Lx3hG/ZxWFy+WSmzdvkkuXLhEej8dUK4wsH1RnelioaLUxt15u2rQp7VgazZo1Q0hICEQiEZSVlfHx40e5W3I3atQI6urq+Pz5Mzp37owfP34gISEBDx48gJKSEtzc3ChbZkurKuTNiXh6ekJDQ0NiqKa8vJzKuxhNTU3k5+dTLaG5c+eiV69elVLJRyQSYdeuXfD19UX79u2xcuVKZGZm0jZMS0pKgru7OwCgffv2lLxhw4a0Oa8PHz6gYcOG1DETQgj+/vtv+Pv7o3379liyZAnS0tJgZmZG2VRu+cqTybt/qJh39PLyQr9+/WBhYUHTqaurY8eOHViyZAkOHjyI1NRUtGvXDsOGDYODgwO4XC40NDTw/Plz9O7dGwcPHkRsbCxtYp+ZH0U4f/483NzcUL9+fXA4HJSXl4PH40EkEkFNTY3qsfN4PBw5cgShoaHo0qULOnTogEaNGlEBMOLQ5dLSUpSXl4PP56Nr164K9Vyk3UtlZWUJmRiRSIQTJ06Aw+GgUaNGKC4uxrt373DhwgXweDyEhYWBz+cjOTkZL168wKdPn2BtbY2pU6cCFZGHd+/exatXr8DlcnH16tVqB1owycjIgL29PTw9PdGwYUMYGRnB2NiYihStfC1CoRBHjhxBfn4+NDU1oaKigjdv3qBevXr49u0bmjdvDi6Xi5KSEsTExODz589YtGgRNm/eXOmMsunevTvWr1+PNWvWYMeOHVBVVcW5c+fw8uVLpKSkQEdHB5MnT6aG1k6fPo2zZ89CW1sbv//+O/WO4XA4EIlE1HMtKyuDQCCAqqqqQvW5VatWuH37NuLi4lBWVgZzc3PUr1+fZlN59+esrCw4OztDSUkJGhoaUFFRwYsXLyAUClFcXIwGDRqAy+WisLAQz549Q25uLtzd3dGhQwfY29sjPj4eAwYMQPPmzdGgQQOqDPH5fHC5XJSWlkIgEEAkEmH48OFyg7BqBNODETne7d+Ivb09UyRBUlIS+fLlC1NMcebMGbJnzx6aLCUlhSxcuJAsXLiQzJs3jyQkJFA6cQ9iw4YN5NatW5VSVc3SpUtpPSyRSEQeP35M+vXrR5KSkkh+fj4ZMWIELQ0hhGzatIlYWlqSZ8+ekcOHDxNjY2MiEokIqehhVc6fIjg4OJDnz59Tx0VFRaRjx45UTyomJoaMHz++Ugo6tra2ZMSIEcTExISYmJhQLX1pPSw7OzsSHh5OHefn55MuXbrQ8tyhQwciFAqpY0IICQwMJDt37qTJ+vfvT/0trYf1/PnzGrXcHz9+TGbOnEkWLlxIVq9eTQoLCwmpuA+Ve1jVbYnXhKKiIqbop/n69avEvTI2NqZ66URKD6uoqIj4+vqSe/fukXfv3pHPnz+T6Oho4uDgQPLy8khxcTHhcrmkrKyMlJaWUuVREarbw3r37h3x9/eXKCMHDx4k0dHRhBBCli9fTutJCQQCcv36dfL27Vtaa79du3bU37VBeHg4Wbx4MXn69ClTRYPL5crswf4sQqGQdo18Pp/k5+eT1NRU4u3tTesp5efnk+DgYJKenk49g9DQULJw4ULKRhbievGrkeWDJGdd/+VcvHgRs2fPhpWVFU6cOIEmTZrAy8sLrq6u0NPTw6tXr5hJ0KFDB3Ts2BHp6elUSDoT8WSumHbt2sHPzw9+fn44c+aMzB6ZrBaqLDQ0NBAWFgZfX19YWlrCzs4O7du3R+vWrakelLTfPHLkCKZPn47Y2Fj07NkTISEhNDt5PRwmd+7cgb6+PoYOHUrJtLS04OvrS5vXkJYPMdbW1lTv69KlSygrK8P169fx4MEDmt2FCxdgbGxM+w5GW1sbQUFByM/Pp9kyz8fhcBAVFQVHR0ccPXoUTk5OEmPrzDRDhw6VO5ksixEjRuDcuXPw8/PD8ePHZc6HMM/3KygpKUFsbKzER50/A4fDwffv32n3MjMzU6J3Vvn6tLS0YGZmhtGjR6Nnz57g8/k4e/YsLly4gIiICGhqakJdXR316tWTGjpdGaFQiHfv3iEwMBAXLlxQKCigMs2aNcOCBQtACEFSUhJ1b7Zv345+/foBFXmv3LtQVlbGxIkT0atXL1pLvyblQx6DBw9Gu3btqoxgFYlEePPmTa2GtYspKyuDvb091q5dC3d3d5w+fRq3bt1CdHQ0rKysaHP42tramDZtGu2dAwXvS1ZWFt6/fy/x7eY/BtODETne7d+CrHmE0aNHk/j4eKaYIjAwkOjq6pKoqCia/OHDhyQuLo4mk8fAgQMJqehh3b59m6mWy/Pnz8miRYvI+fPnSUFBASWfNGkS+fr1K8nPzyeGhoa0NKTimnft2kUsLCwkWvnm5ubVaq1+//6dKZIgJiaGTJw4kSa7ffs2sbW1JQcOHCAbN24kEyZMIIMGDSIbN24kFy9eJAUFBRI9LEVb3dLmIp8/f061nsUkJSVRf+fn55M///yTpq9tYmJiyLJlywip6IH8zLi8omRkZJAlS5aQmTNnMlU1pqSkhHh7e9Nkle8lqbg+WeXo/fv3xMzMjCp7Xl5exN3dnWlGcnJyyI4dO4ilpSVZsWIFmT59Olm0aBGxsrIiN2/eJMXFxYTUoIclprCwkBw6dIhoa2szVcTS0lKhst2pUyem6Kc5dOgQcXFxYYpplJSUEBcXF9KiRQum6pcye/ZspkiC0NBQsnjxYqZYgpiYGDJ48GDi5ubGVNUqsnxQnethoYqQS+b4bWXmzJmDIUOGSET5GRoa4vfff6fJ5FG5NyOvVSmNoUOHwtvbGzNmzJDoFcnrYWloaMDGxgZXr16VWB7IyclJodaRmGbNmjFFUmHmY+zYsRgxYgQIITA2NsbZs2cREREBBwcHTJ06lboeWd+UVZehQ4dSrWcxHTp0oB1XPldOTg74fD5Nz4TP5yMjIwN+fn64fPmyQlGHNXnemZmZEqt6MCkrK8O7d+/g6elJ+3C7VatWWLRokcLnUoT69etj0aJFNBnzXkJGqDsA+Pv7Y/ny5VQ06ZIlS3D27FmmGRo3bowdO3agR48eWLRoEQICAuDt7Y39+/dj/PjxtHksWeeSR4MGDbB161apPWAbGxuFynZV86DyyM3NpZZnEyMSiah/+fn5+P79Oz5//oyTJ0/i1KlTKCkpASqewdq1a3/q/LIoLCzExo0bYWFhAW9vb/j6+sLHxwdOTk5o0KCBzBVMKqNIvvr27YtJkybVatmsDtUvMf9y5DksVHx0LO0llZGRIeEIZNGxY0fqb1kfMVeXysMZsgqDioqK1Ipa1TdGNUXatRkYGMDKygojR46UmhdUBDdUl+o43MpUHurhcrlYvXo1Ro8ejf3798PNzQ0+Pj7w9/fHmTNn4O3tDR8fH4SEhODHjx+IjY2V+/GrmMrPW5FKjYowbmNjY8yePRuHDx/GiRMn4Ovri9OnT+P06dPw8vKCr68vHj58iJycHGpZHzHKyspSnW9OTs4v+85FVVVVZtnT0NCgLW9VVFQktR6hwqksX74c+vr6Mj8yrWollaqQ5uzq16+PtLS0KhsKssqtIvD5fNjY2MDAwAAbNmyAra0tHBwcqMCOgIAAXLhwAbdu3QKPx0NhYSHlsMRIy19paSkSExOlPnNFaNiwIYyNjVFUVITFixfD3NwcixYtwoYNG3Dy5EmF6pei90VW2UxLS6uVz0DkwSFS7p44KqpyxFhdwNTUFJcuXZJbER4/foy7d++iQ4cOEAgE4PP5ePfuHT5+/IgRI0ZQKyvIIz4+Hj169IClpSUsLCxkzm9Vh5CQEJiYmFAL2l64cIFpAgCws7MDj8dDixYtIBKJIBAIEBERgSdPnmDLli1Yv349M0mNiI2Nhb+/PxwcHJgquZSUlMhsfctj0KBBEmuvVUVBQQE2bNgAHx8fpqrWyMvLQ3l5OVq0aIEJEyZU64Pdn6G8vBy2trZo27YtlJSUIBKJUFRUhLCwMAgEAhw5cgTdu3dnJvspTE1NcfnyZaYYqJi7MDY2hpmZGRo3bgwfHx9YWlpKfKivKKNGjcLDhw+ZYoVxd3dHSUkJGjZsCIFAgLKyMoSHh+PHjx9Yt26d3KW4Jk+ejGvXrjHF/xju7u4oKyuDpqYmtVL+y5cvUVBQAHNzc6mLCSjC+/fvYWlpCRcXFxBCIBKJwOVycfv2bXz79g379++X2bh9/PgxIiMjFVrnMCUlBe7u7ujcuTMIIRAKhfj69StiYmKgrq6Oc+fOSW1QVAdZPug/5bDevn2L3r17M8W/jJCQEEyePFmh1ouiiBdFlVfh/gm+ffuG1NRU6OvrM1VyEQqFuHDhAmbPns1UycXNza3KtemY8Pl8PHz4EGPHjmWqfgkXL16s8cukLnDt2jVMnjyZKaYoLi7GtWvXUFpaijFjxtDCpavL5cuX/2dl/N69exgzZgxT/J/g48ePtPUhxSgpKWHQoEEy31Wpqang8Xi10viuDWT5oP+Uw2JhYWFhqfvI8kE/129jYWFhYWH5h2AdFgsLCwtLnYB1WCwsLCwsdQLWYbGwsLCw1AlYh8XCwsLCUidgHRYLCwsLS52AdVgsLCwsLHWCOvUdVr9+/WR+qf1vZeTIkQqtnsHCwsLC8v+Q5YPqlMMyMDBAaGgoU/yvxsnJ6V93H1lYWFj+zcjyQeyQYCWqu0dPbfK/PHdliouLJVaz/1X8W66ZhYWlbvB/wmF9+PBBYrNAaTx48AD6+vo4cOAAJROJRFVuzFYbSDu3IpSVleHJkye0lbQB4PXr15g5cyYePXpEk1dFREQERowYgYMHDzJVMhEv2Lt48WLk5OQw1TKp6TWzsLD83+Q/77Du3buHd+/eoVGjRkyVBFOmTMHx48fx5MkTSiZeKdvf359mW9tIO7ciqKqqIjc3l7ajLyrm+8aPH6/w74n3yzEyMoKLi4vMdMnJyVi6dClWrlyJDRs2oKioCNra2vDy8kJycjISExOZSWRS02tmYWH5v8l/2mH9+PEDZ86cwfTp0ylZUVERzYaJtH16hgwZgvj4eLx584Ymry5paWkoKCiglv3//v07wsLCkJaWBsg4d1UoKSnBxMQEhBAcP34cx48fx7Fjx+Ds7IyHDx9K/B4hBHZ2dliyZAlOnDgBHx8fHD58GHPmzMHdu3eBiv1umOnEdOjQAdbW1jA3N8eKFStoe+hoa2vT0pWXlyM2NpbW68rNzYWLiwsCAgKAGl4zCwvL/03+0w7L2toaFhYW1HFBQQH27t2LVq1aITs7m2ZbFZs3b8aWLVuY4mqRkJAAc3NzbN26FSdPnsT9+/cxbdo0hIeHM02rTf369bFmzRqsWbMGa9euxfr16zFu3DiJfWk4HA62bduG8PBwjB07FosWLcKWLVtw/vx5/PXXXzS7ynz69Anu7u44e/YsIiMjkZiYiLCwMGzZsgWDBg1CZGSkRDqRSITHjx+jRYsWcHJygoeHB86dO4emTZuic+fOlX6dhYWFpWr+sw5LIBAgLCyMtp+TtrY27O3t0apVK6m7fsqjcePGAICvX78yVQozevRoXL58GUeOHMH69euhr6+PBg0a0HqANUXWPjcaGhpMETgcDrS1tWm79TIROx4ul4v/r73zjIoiadvwPTOAIIgoGNcsrBkwgwpi1jWBu64RBcWIOaKIEbMokhEkiIoBBcOaFRUDiCIYwQAIggSRIGGAmanvxwd9pnsCA+q+4vZ1DufQdz01Xd1dXU+lrgIAPT09dOrUCS1btkSvXr0QEhICS0tL7N27F48ePUKvXr1o8VCx8/CSJUvQrFkzzJs3D/Pnz8eCBQswdepUiS5MFhYWlqr4ZR3Wq1ev0KlTJ4mWAioKVWbLQxFMTExw584dplxjDh48iNWrV9coLUx4PB4OHjwIFxcXuLq6wtXVFTdu3EDLli2ZpkDF2JeysjJTRn5+PiIiIvDhwwesW7cOAwcOxLlz54CKzwoKCgqwfft2jB07FuvWrcOhQ4eYP4GMjAxa9ymXy1V4a3kWFhYWWXx7SfmTkp6ejubNmzNloMJhyWqRoKIr68uXLwgICEBcXBylN2vW7JtaWOIkJSXh8ePHsLa2pumyzl0VLi4uWLp0KZYsWYLFixdj8eLFcHZ2xoQJE0AIAZ/Pp9mrqamBz+cjLy8Pt2/fhqurKzw8PHDv3j0YGRmhe/fu2LlzJx49eoTx48cDFTv8rlu3Dh4eHpg9ezacnJxw5swZpKWlUb979uxZODg4wNPTEwKBAFCgglDTa2ZhYflvIbsUqeUUFhZCQ0ODKQNyClCBQICoqCgkJSXB09MTaWlp+PLlCxWuoaFR5aQNRVm6dCm8vLwkWh6yzs1EKBRi9+7dWLduHRwdHREdHY0DBw7A3d0dGzZsgIuLC7y8vLB161aMHz8ePXv2xL59+6j4I0aMwOTJk7Fy5Up8+vQJlpaWWLhwIUaPHg1lZWW0bduWdj5UTKIQiUQ0Z6+urk77ZGDq1Knw8fGBp6cndW1cLlfq/RaJRIiOjlb4mllYWP7b/LIrXdy9exfBwcHw9PRkBsHY2Bjnz5+HsrIyEhIS8PjxY2RlZaFNmzZo06YN9u7di0uXLjGjwc3NDTwejzaRoyqkrXSxd+9eaGpqYt68eTQ9Li4O69atk3puaQiFQly5cgWtW7eGnp4eNSbVunVrfPjwgWmuMAUFBcjLy0OrVq2YQVi1ahVEIhE1WSQiIgJhYWHgcDiwsLDA7t278fvvv9PitG/fHgkJCVBSUkJxcTGio6Px8OFD1K9fH3p6eti/f7/C18zCwvLrI8sHSVZ7fxHatGmDt2/fMmUAgKmpKQYMGABLS0vcuXMH/fv3x5YtW2BtbY2GDRtKHfcCgHfv3klteVSH8PBwCIVCCWdViaxzS4PH42H06NHo2rUrbQKFvO5OcV6+fAlbW1vs3r0bnp6e8PT0hJubG7Zu3Yrdu3czzQEA+/btw19//YW4uDh07tyZclaVaGpq0uwBQFdXF9OmTYOpqSmmTZuGjx8/YtmyZViwYAEaNWpUrWtmYWH57/LLOqxWrVqhoKBAahfe7t27kZCQgAsXLmDNmjUwNDSkhcsqQO/du4dBgwYxZYWJjo7Ghw8fYGdnxwyikHXu6qDob3Tp0gVdunSBUCjEggULsGDBAixatAjDhg2DiooK0xyomDV4+fJlvHjxAoMHD6adS0tLC40aNaLZA4CPjw9WrlyJa9euITQ0FNOmTYOqqioVrmh6WVhY/tv8sg4LAKytrXH8+HGmXCXSCtB79+6hf//+cqeCyyMjIwNCoRBWVlbMIBrSzl1dmONi8tDR0aFWuaikpKQE+vr6NK0SNTU1bNq0CefPn5eYyOHs7Cy1ddeqVSv06dOH5qTEYV5zYmJitZaGYmFh+W/wSzus+fPnIyIiotqLrDKne4tEInh7e3/TmndNmzZV6Nsj5rlrgvjqE1VRv359lJWV0bTCwkKJVqc4SkpKUs9R061fmNd8+/ZtbNq0CaWlpTSdhYXlv80v7bA4HA5cXFzg6+sr0YqQB3Ocyt/fH1u2bIG6ujpN/xEwz10TmjVrxpRkoqmpiejoaLi5ucHLywteXl6IiopCcnIy05TGzJkz4ezsDE9PT7i7u+PgwYOYOnUqWrRogYMHDzLN5cK8ZktLSzx79qzGrVkWFpZfk192lqA4QqEQfD5fIYfz6dMnpKSkUCtkiEQiFBcXy5wiXxXSZgnKgnnumnL9+nUMGzaMKUvl06dPePPmDQYOHMgM+lf4XtfMwsLy6yDLB/3SLaxKeDyeQs4KFa0T8cKTy+XW2FlVF+a5a4qizgoV5/xfOSt8x2tmYWH59flPOCwWFhYWltpPreoS1NXVRYsWLZjyT42+vj5cXFyYMgsLCwuLDGT5oFrlsFhYWFhYfn1k+SC2S5CFhYWFpVbAOiwWFhYWlloB67BYWFhYWGoFrMNiYWFhYakVsA6LhYWFhaVWwDosFhYWFpZawX/aYZWWlkos/Pq/hLn6uSKUlJRAypcJ30x11l78lfhROx7/iGdUXaq7CHQlAoGg2nlTIBCgoKCAKVfJj8rPsvhRz/tnQCgUKly+CQQClJSUMOUq+bcXqK51DisyMhKvXr2iaZ8/f8bs2bPh5uZG06siNTUVkydPhoWFBTOoSmJjY+Hm5obY2FhmUI1xcnJCnz598OjRI2aQTJ49e4bBgwdj06ZNzCCFYe4ZVlhYiKVLl6Jfv35ISEighdUW7ty5g7///htnz55lBknl48ePAICIiAj07NkTR48eZZpUm8zMTAiFQhQUFGDWrFmYNWsWBAIB00wqO3bsgIWFBZ48ecIMqjE3b95E3759q73rQEpKCiwtLdGvXz8UFRUxg6WSm5uLFStWoE+fPnjx4gUzWCbfIz9XBZ/PR3Z2NoRCIQ4dOoQePXrg2bNnTLNaT2ZmJqysrDB27Ngq811SUhKGDx9epZ04IpEI1tbWuHfvHjPox0GkcODAAXLgwAGm/FPw5MkToqurS169ekXTExMTiZmZGU2ThUgkIgKBgDpu3LgxLVwRRCIRcXZ2JpMnT2YGyeT9+/fkxIkT5OLFi+T8+fMkKCiI2NnZkYiICMpm9erV5PDhw7R4VfHx40diZGTElBUiOzub9OjRg5SVlTGDyJQpU8jly5dpWkxMDBkyZAhZsWIFTf9Wzp49SyZOnEgcHByIu7s7OXToEDl06BDx8vIiGzduJHp6eoTP5zOjySUyMpIYGxszZQlEIhHx9vYmurq6JCMjgwQHB5NVq1YxzapNeHg46dq1K7lx4wYRiUREV1eXFBYW0mxKSkrIihUryNy5c8mCBQvIs2fPqLAtW7aQXbt20ewVJSMjg5SWljJl8ujRIzJixAimTPH06VNibm5OJkyYQKZPn06Ki4upsG7dupG8vDyaPSGEFBYWSs0/hBDy999/k0uXLjFluSiSnzMzM8ncuXNJZGQkM6hKvn79ShYvXkyGDh1KCCFk3rx55OLFi0wzmZSXl5PXr1/LzI/3798np06dot078gPfnaqQ9+7w+Xwyffp0smjRIuLm5kamT59Ojh07xjSTIDIykgwfPpxs3bqVrFy5kqxevZpWpn4rsnzQv9bCCgsLw+bNm7F582YEBAQgLy+PaaIQPXr0QLdu3RAYGAg3Nze4urrCxcUFR44ckdgIEABCQ0Mxc+ZMODk5wd/fHx4eHpgxYwZcXV0pG2mbDlYFh8NBjx49mLJc2rVrh0aNGqF58+YwNjbG5MmTkZycTNult06dOjLTEx4ejitXrjBlaGhoSL12eYhEIixbtgzLli3D2LFjYW5ujtOnT9Ns1NXVJX63e/fusLe3R3p6Ok3/ViwsLHDs2DFs3boVCxcuxJw5czBnzhzMmzcPo0aNwoABA2jbjcTFxcHd3R3h4eG4d+8ebt68iQsXLsDT0xOpqakAgBYtWsi8l58/f6a6njgcDubOnYuOHTuCz+dDTU1N4rprgpmZGWbMmIHk5GRwOBxoaGiAy6W/cqqqqti4cSOsrKxgY2ODjh07UmH169evcToKCgowYMAARERE0HQVFRW5v2loaIgjR47A3d0dXl5e4HA4yMzMBCrypjQyMzMxbNgwqdvKaGpq0p7Bu3fv8PjxY6qLsbCwELa2tpg2bRplo0h+bty4Mf7880/0798f+fn5zGAJsrOzqf81NDTg4uJCXVd1nzeHw0F0dDRatGiBTZs2wcvLCx4eHnB3d8euXbtw8eJFvH//HsXFxbR43/vdycnJwYMHD5CTk0NpBw8ehKmpKe16pb3HlRw9ehStWrWCq6srbG1tERQUhMOHD+PTp09MUwqhUIiFCxfi1KlTcHBwwL59+/D777/Dx8eHafrd+eEOKy8vD2ZmZggICIChoSHMzMwQGxsLQ0PDGnen8Xg8TJkyBYsWLcLixYuxZMkS2NjYSBQGqCgI69atC21tbVhbW2PhwoUICgqiLfkh62FWRdOmTZGVlYXk5GQkJyfjzZs3iI2NRUhICP766y9qeRFxBg8ejO7du0NHRwdKSkrQ0dHBp0+f4ODgAH9/f8TFxUlcx9evX7F9+3asWrUKe/bskSiEakJISAgIITh69Cg2b95MFfZpaWlMUwlUVFSY0neBuZFjJW/evIG5uTlN09fXR1ZWFjw8PKCpqYlWrVrB0NAQ9vb2VW4kWVZWhl27diEkJISmV2enZnEePXqEFStW4NChQzh06BAsLCywYcMGoGK1f3Eq81phYSE8PDxw9OhR3Lx5E8nJyYiNjcX+/fthbGxMvfw1zZt6enpo0KAB4uPjmUFSycjIwNq1a2Fvb49Dhw7B2dkZvr6+WL58OdatWyd3PKpdu3ZYtGgRTp06xQwCGNegqqoKR0dHbNmyBahwHu7u7oiKihKLoRihoaFYvHhxlc87NzcXkyZNQkZGBk2XVZmpCh6PB0tLS3Tt2hUTJkzA/PnzsXDhQtja2sLOzg47duyAnZ0dtLW1mVG/67tTp04dXLt2DWPGjKG0pUuXQk1NTe7zEic7Oxvt27enae3bt6e6yKXx9etXaGpq0u67sbFxjZ5hdZEs4b8zy5Ytg7m5OcLCwmBubg4zMzM4OztTxzVpacnKaGpqakwJAKClpSWzdgixF6qsrKxakw309PTg6+uLpKQkpKamIjc3F4QQdOnSBfv27cO8efNo9tHR0Vi+fDn8/Pxw+PBh+Pr6Ij8/H927d8e2bdtgbW0NAwMD2vWVl5dj6NCh6NixIx4/foxz587h4MGDOHfuHO23q1uwPXnyBGZmZtQxl8uFqakpnj59SrOThq6uLvLy8nD8+HEEBATA29sbnp6e2Lx5M/r27Yvt27czo3wTb968wciRI2kah8OBsbExdHR0oK+vDz09PbRs2RItWrSApqYmzVacp0+fYuDAgWjatCnu3r2LFStWME2Aat7PPn36QEtLC2/evMHff/+NU6dOwdHRkWkGiDkwDQ0NDBo0CDo6OujevTuePn0KfX19rF27Fg8fPsScOXOAaqZDnNTUVLx48QKWlpbMIKk0bdoUmzZtwqZNm2BpaYlHjx5h9uzZ8PT0hJ+fn9x7CgB+fn4y76U4LVq0wMSJE5myxHUyj5lcuXIFly9fRrt27SASiZjBFP7+/pg8eTLGjRuHpUuX4vjx40wTQIHzSaMmcb7nu6OhoUHlE3GYlSTISevEiRMREBBAVVRjYmLw7t07ub1HWlpaKCsro1VuL126hN69e9PsfgQ1q1IqSGXLIyAggBkEQ0NDWFlZISwsDFZWVsxgufB4PJw+fRp37twBh8MBh8NBQUEBWrZsyTQFKmru0mrvAoEAd+/eBZ/Px549e3DhwgUMHjyYqv0pQtu2bSV2zJVF79694eXlBWVlZaogsbGxASqa2ZWOStxh/fPPP+jatSv+/PNPAEC9evXg6ekJc3NzjB8/nrKrLl27dkVMTAxtwklUVBSta0YWTZo0weXLl1FWVgYlJSXaC7J582aabVXExMTg7NmzaNCgAVRVVcHj8aCkpISvX7+iQYMGEAgESElJwcaNG/HPP/+gffv2CAsLAyrSwZy9pqenRztmYmdnB29vb+jr6wMA1q9fj9DQUPTv31+iC6c6NGvWDIQQaGlpMYNoiBccnTp1grKyMjZv3gxjY2NcvXoVx48fx969e2l5oKioCK9evYKBgYHCNXQnJycMGjQIqqqqzCCZ1K1bF3v27EFRURFWrVqFDRs2oHfv3lXmibi4OMTExODixYvIy8uDr68vysvLUVZWhsePH2PSpEnMKHjw4AGtcK7OYP/z58+xYcMGPHjwAHl5ebC1tUXHjh0xaNAg6rmiYgbbrl278Pz5c6ioqGDZsmUYMmQI+vXrB1VVVbmOThFkOQF5fM93p5K0tDTavXz//j0tXB58Ph+Ojo7YtWsX8vPzUVJSgvbt28tsFFTi5+cHW1tbNG7cGPn5+WjatCkOHDjANPvu/HCHJV6LZ1LTHYRnzZqFIUOG0DSRSET1ZRcXF6Nu3bpUmJqaGvh8Pvh8Pl6+fImYmBgUFxejcePG+OOPP9C8eXOsWbMGa9asEftF2URGRqJVq1aoW7cuRCIRSktLUVJSgqKiIhQWFqKoqAgFBQV48eIFXrx4AQsLC0yZMgWo6NOvV68e9VuPHz9GQEAA9PT0oKuri+fPn9NeutzcXAlHrKOjg9zcXJpW3Zdn6tSpsLKywqpVq9CxY0fcuHEDQ4cOlSjw5W18KavwfPv2LR4/foxu3bqha9euzGAaPXr0QP369ZGamopu3bpBU1MTysrKaNu2LZKSkgAxp75r1y5a3MaNG9MclkAggK6uLs2GSWZmJm2cSF9fH76+vkhMTKSNBVSXql7wSpjPadmyZXB2dqbSvW3bNoSEhFCF/KNHj5Ceno68vDzY2dnh999/p8WXRkJCAuLi4rB8+XKcOHECkydPpoWLRCJ8+fIF58+fR/fu3WFgYABUdN9fvnwZ4eHhAIA//vgDhoaGch0WIQR2dnbw8PCAs7MzVqxYgalTp6Ju3bpQU1NDYmKixDVzOBz0798f9vb2lBYYGChhI42HDx9i//79uHr1KrS1tdG8eXN4enri9OnTsLCwgImJCTw8PFC3bl2UlJRAW1ublk/19PSwY8cO9O7du1pOUhoNGjSQWsl5/fo1IiIiMHDgQHTo0IEZDHyndwcV96lFixa0e3n//n2aDeTcT4FAgHXr1lFxbt++jTNnzjDNJOjQoQPCwsJQXFwsd9z9e/NDHdbt27fRpk0bpkxhZmamcK3i9OnTiIqKogq0p0+fQk1NDdnZ2dDS0oJAIEBRURGSk5MRHR2NLl264OTJkwCAgQMHwtbWFhcuXICpqSnGjBmD1q1bU7+taAtJnDVr1qB169Zo27YttLW10aBBA9StWxeqqqpQV1dHkyZN0L59ewwdOhSNGzem4mloaODatWt48OABiouLMWrUKKxYsQIvXryArq4udHV1aX3DAwcOxLRp0+Dg4EBlimvXrsHY2JiyqQk8Hg9BQUF49+4dPn36BHNzc+jo6DDNaM4yKCgIJ06cQP369dGlSxdoaWlBVVUVHA6HctzFxcUoLS2FQCCAsrKyQi9d+/btJfrRpaWFSaNGjRAfHw93d3coKysjJycHfD4fIpFIarcIAIwaNQohISGYOnUqBAIBQkJC4OzsDD09Pdr0XFkvuCzkjX9dvXoVOTk5yMzMlEhXTk4Orbutfv36+Pz5M3VsamqKRYsWUcdVIRKJsGHDBgQEBKB169aYP38+MjIyaGO2SUlJ8PT0BADae1CnTh1kZWWhqKgI6urqyMjIqLJQP3jwIBYtWoTRo0fDx8cHtra2cHNzo+4fl8uVuJeVvSLiyLt/qOiBCAoKgkAgwMmTJyXu48SJEzF+/HhqIs7o0aOp/Pn+/Xu0b98e2dnZSEhIwM2bN8HlcuHh4UHFZ6ZHEZydnXHmzBm8ePECXC4X5eXl4PP5EAgEUFJSog0v/Kh3R9q95PF4Epo4Fy5cQHJyMrS1taGmpoasrCycOXMGfD4fUVFRyMzMxMGDB5GQkICIiAiYm5tjypQpeP/+PZo0aQIVFRWUlZWhuLgYhYWF+Pr1K4qLi1FSUoKsrCzcunULysrKOHXqFG1C2XeBOW2QyJlSWF3Cw8PJpk2bmDJFVeFMHj58SO7evUu+fv1KaWZmZiQxMZFmV13EpxLXFJFIRNauXcuUJXj37h3x9fWVmWY3NzeSmZlJ044fP05GjhxJXFxcyMaNG8mQIUNIVlYWFZ6Xl0f69+9Pi1MdCgsLSX5+PnVcXl5Odu/eTW7evEmzIxXTsMvLy5nyd2fPnj1MSSrS0ljJx48fyeDBg2laSUkJWb58OZkxYwaZOHEibcq1ubk5SU5OJmFhYQo9S3GOHj1KNm/eTNNevXpFpk6dSvz9/QkhhBgaGhKRSESzOXv2LPnjjz9IeHg4OXHiBOnbty/1bJ2dnYm3tzfNviqcnJzI/fv3qeOvX7+Stm3bktjYWEIIIbGxsWTUqFFiMeicP3+eGBsbEwsLCzJkyBDy8OFDKqxXr160ae2XLl0ihw4doo4JIcTCwoL4+flRx1ZWVhLP6Pjx48Te3p6m9ejRg/pfWn5++vQpKSgooGmK8OHDBzJjxgwyY8YMMm3aNJKQkECFGRoaEkIIWbZsmcTnGz+CH/HupKenS9yrcePGkY8fP1LHhoaGtPMKhUJy7tw5cvbsWRIXF0fevXtHUlNTyZo1a0hOTg4pKCggJSUlpLS0lJbms2fPknXr1pGwsDASHR1NEhMTSVZWFsnLyyOFhYWkuLiYFBcXk7y8PJKenk6drybI8kHSq6HfCUNDQ6njV5VU1QJjYmRkBBMTE2hoaNB0RZqjeXl5WLNmDRwcHODp6UlNQ929ezeWLVsmMRZSHU6cOAFbW1sIBAKsXLkSb9++ZZpQtGzZEjk5OQgMDISzszM8PT2p2WUeHh64cOGCRK12ypQpCAkJoabCX7t2TaLmIq9GVRU8Hg9Tp07FtWvXgIraLofDkZhFh4oa/LNnz77b1NxKzpw5g8mTJ2P9+vXw9vaGtrY2fH194e7uDkNDQ0RHRzOjABWzLj9//oyPHz9KHZMQb92iYpba/v37ERgYiFOnTmHUqFG08Eqqez/V1NQQHx+PU6dOYd26dXBwcEB+fj569OhBy5/M37WwsMDBgwfx5s0biEQi3Lhxg/Zsq5rsIM7Vq1fRt29f9OvXj9I0NDQQEBBAG9dgpkGcsWPH4v79+3j58iVu3LgBXV1d3LhxA5cvX6Z9YB4VFQUulysx6O/r6ysx+Yl5Pg6HgydPnmD//v04cOAAnJ2d8dtvv0nYiGNoaEjrSleUVq1aITAwEIGBgTh69KjMLlXm+X4EP+Ld4XA4yMrKot3LjIwMNGnSRMKuEi6Xi3HjxsHCwgL6+vrQ1tbG8ePHcfXqVZw5cwZqampQVVWFiooKVFVVqdavhYUFZs2aBT09Pejr66Nt27Zo1KgR6tevD3V1daipqUFNTQ3169dHs2bNxM7+HWF6MCLHu9WEpUuXkqVLlzJl8vTpU2JgYMCUq42ZmRlJSUlhylJ5+fIlGTZsGE3j8/lUTasm3Lt3j8yaNYs6Li0tJUOHDiVFRUU0O3FKS0tJcnIyUyakojaUlpbGlOWSl5dHBgwYwJSrhZGREe1j7LFjx5KrV6/SbAghpKioiLi4uJAmTZowg74Z5oeWlQwdOpTEx8czZYr79+8TIyMj4uTkRNPz8/NJYGAgTZOHubk5SUtLI2FhYcTOzo4ZLJfPnz+TadOmEU9PT1rtdt++feT48eOEiNXomfj6+hJra2vy+vVrmu7i4kKio6NpmjzEW92yiI2NJaNHj6ZpCQkJxMHBgezcuZPY2dmR6dOnkw4dOpBFixYRHx8fkpqaSgijhcVsKcrCysqKhIeH07T79++TmJgYmpaUlET9/z3ysyL07t2bkIoW1pUrV5jB350f8e4UFRXRWrSEcS9JRb6T9VFvaWkpGT9+PPWMY2JiiI2NDdOMIjY2lhgZGREPDw9m0HdFlg/6oS0sVMx8qZx8ERAQQM0KtLKyktv6qg5V9X9XoqOjIzFtvaSkhDbJobqEh4djxIgR1LGKigratm2LmJgYmp04KioqtLEDJsz+eUWoSZxKgoKC0LlzZ2zfvh2JiYl4/fo1+Hw+bt68KbG+WN26dbF48WKF73l1YNbMxRGfRMOkX79+mDJlikQLS1NTEzNmzKBpVVHZoqlujVtbWxtHjx7F/PnzJVoLlS0sWc9o9uzZKCoqkvhmasaMGejVqxdNkwez1S0L5rX9/vvvsLS0RHl5Ofr164e9e/ciPj4erq6usLGxQYsWLSjbymtg/oY8mLb9+vVD9+7daRqzp0X8XlVOYpKHUChEbm4uQkNDERQUpNAageKtV2YaZZGTk4Py8nKmTKO8vBxpaWkIDAxEaGgo1WPyI96dunXrwtramqYx7yXk5L3w8HD06dOHesbdu3dHUVGRzFaggYEBxowZo/D9+t5Iv4rviJaWFsLCwuDs7Ex9HGlubk59PPw9ULSroH79+hKLQRYWFn5TOgwMDHDnzh3qWCgUIjo6Wq5Dqgp5M/NkIe87M3m8e/cOp0+fhqenJ2xsbODo6IiNGzfCw8MD06ZNw+jRoyWcPGQs5lpcXIx3795V+ULXBHkOCxWfLjC7UlGxooUiKyGgokJT2d0s7TOImlL5POW95A0bNmRKVX4QW1OkXZuenh4cHBwwduxYNG3alBlMUZN8pkiXPRPx83C5XDg7O1MzC11dXeHn54cjR47g6NGjCAwMhJ+fH06cOIHk5GS8f/9eZoErjvhkK2n3RBolJSWwtbXF0KFDsX37dnh4eMDf359Ki5+fH/z9/REWFobs7GzExcVJzCT8t98dZWVlmXlPTU1N4iPhT58+yf0cgsfjSU1namoqsrKymPJ3hUOk3L3KFRrEZxb9rIwbNw7nz59nyjLp1KkTbG1tweVywePx8PHjR6ioqMDBwYFpqjCrV69GRkYGunTpghs3bsDc3LxaM7vEGThwIM0BKkJ+fj6WLVsGf39/ZpBc0tLSsGPHDuzcuZOqba5fvx6DBw/G0KFDgYov50eNGiXx4a6npydKS0uhrq5OrQr96NEj5Ofnw8rKivpu7HtgYWGBs2fPynzpUHEt+/btQ6dOnSASiSAQCJCeno6HDx9CU1NT4kNracTHx6Njx444d+4cMjMzMXfuXKZJtblz5w4MDAygpaWFYcOG4fr160wToGL8KSwsDAYGBhAKhRCJREhKSkJoaCj69OlDzXj9VuLi4nDkyBE4OTkxg6pkzJgxuHjxIlOWi7W1NVavXo3OnTszg2RS0/xcXSqf9/Lly7FgwQKZ41vfm3/z3UHF+xMaGsqUgYpxtQkTJqBr167o3r07rly5gt9++03u7O0PHz7A09MT7du3ByEEQqEQ6enpiI2NhaqqqtRZnNVFpg9i9hESOf2HPyPXrl1jSnKpHE/43nz58oXExMRIXRy0OjBnXSlCWVlZtfvgi4qKyMWLF4lQKKS0V69ekbi4OJpdcXEx+fLlC037t/keszirQ2xsLHn79i1T/mZOnjzJlP510tPTa7RgLCGEBAUFMaUq8fb2rvbMuJrk528hNDRU5hjPr8D58+eZEg2RSEQuXbpEPD09yePHj5nB/xNk+aBa38JiYWFhYfm1kOWDvq3dxsLCwsLC8i/BOiwWFhYWlloB67BYWFhYWGoFrMNiYWFhYakVsA6LhYWFhaVWwDosFhYWFpZaAeuwWFhYWFhqBazDYmFhYWGpFbAO6zsibc09eQiFQol1xhShqoVA/w1qkobqxBHfyuJ/DSFE6vpvPzuFhYVMqUqEQqHCay/WVgoKCqr9rhJCJNYhVQRFFuEVp6io6Ju2OmKSn59f7Wutznv6b8M6rArKy8uxYsUKODo61jjDXL9+HSYmJti4cSMzSCq5ublYtWoV+vTpg5SUFGawVIRCIby8vGBoaIjLly8zg+USGRmJV69e0bTPnz9j9uzZcHNzo+lVceTIEfTs2RNXrlxhBqG0tBQvXrxAamoq0tPTqcJeXhxxBAIBlixZUu3rk4V4AZyUlISJEydi8uTJKC0tpdmhYuFP5gv+9u1bmJubY/z48VUWWj+To7158yb69u2LHTt2MINkUlJSgp07d6J79+5ISEhgBn8zBw8exMyZM+XuGVcJn89HSUkJhEIh1q5dCwsLC6SmpjLNqk18fDzMzMywYsUKZpBMcnNzsXDhQgwZMgS5ubnMYAkqF5SNiIhAz549cfToUaaJVN69e4fRo0dj7NixEjsl1IQXL17AxMQE9vb2zCCpfEv58q/AXKuJyFnH6Vfn+fPnRENDQ+ZeVeKcOXOG+Pj4MGWSkJBA+vbty5Tl8scff9B2dlWEPXv2kJ07dzJluTx58oTo6urS9r0ihJDExERiZmZG02Qhvi6ck5MT2bVrFy28kv3795Nx48aRiRMnkqdPn1K6vDiEEHL9+nUyZMgQcuDAAbJ582Yybdo0kpOTwzRTmOTkZDJs2DDa2oAikYi0bNmStnN1JbGxsWTYsGFk5MiRtF1xRSIR+e2330hJSQnNnsm4ceOq3M9MfP1GQggRCAQkJyeHvHnzhly6dEliPceqKCkpIadOnSKRkZHk2bNntPv16NEjMmLECJq9LMTX05s+ffoPW8/PwcFBofIlIyODTJ06ldqVfMqUKQrtDPzp0ycSGxtL+Hw+IRXPbvPmzWTUqFHUPl4fP36U2J/s/v37JCQkhFy6dImEhoYSX19fsnLlStrz7N27N3n37h0tHhORSES8vb2Jrq4uycjIIMHBwWTVqlVMM5Kbmyt1XzGBQECaNWsmc384Ju/evSOJiYkkOTmZJCQkkMePH5Pg4GCSm5tLhRsZGTGjkeTkZHLu3Dny5MkT8vz5c+p+ERnli0gkItu2bSNt2rRReA/CmiLLB9WqFhYhRG7tpry8HAkJCTWqmXz48AGTJ0/GlClT5MbPzs6GpaUlzpw5g5s3b2LRokUoKiqiwtXV1eWuKo6KWkxqaiq1f5OKigotjlAoxIcPH1BUVASRSITCwkKkpaXh9u3bVA2eGUcRevTogW7duiEwMBBubm5wdXWFi4sLjhw5IvFbOTk5WLZsGRYvXozAwEAcPnwY9vb2mD59OtUa5PF4tHhfvnzB48eP8eHDB0ybNg0uLi7YsGED4uPj8ddff+Hy5csScZgsXrwYISEhWLZsGTZt2gQrKyts2rSJaaYQe/bsgZOTE2xtbeHt7Q1XV1egYpuPOnXqSE2HgYEBrl27hsuXL8PR0ZHSORwO1NTUpMZBxa7TEyZMQKNGjbB69Wrs2rWLaULx8OFDmJubY+XKldi7dy9cXV1x4cIFxMfHw8fHB3fv3mVGkYuqqio0NTWxd+9ebNmyBWFhYVSYtHySlpaGefPmYdmyZfD29oavry8cHBwwZswY3L59G6j4zZoSHh6OdevWYd++fTh06BD8/PywY8cOmJmZARV7hzHTJI0mTZpg3bp1VK+Aurq6QntJCQQCbNu2jXp+HA4HmzZtwqtXr6jzqqqqSqShR48eqFOnDnR1dTFo0CBYW1vj9u3btN1z69SpI3W7lM+fP1M9CRwOB3PnzkXHjh3B5/Nl5puoqCj0798fN27coOk8Hg/q6upSzyMNLpeLgIAA3Lt3D4mJiXjy5AmcnJyorXKkXSsqdmNOTk6Go6MjHB0d8eTJEypMWr7hcDjYsGEDWrVqVaOhjO9B1U//J8PPzw+nT5+GkZER2rRpA1VVVfB4PBBCwOfzsWLFCjx+/Lhae1xFRkZi69atOH36NPT09HDx4kW4uroiIiIChoaG2LZtG7W/1bRp07Bp0yb0798fAHD06FGsXLkSXl5egJQ9j4qKirBt2zakp6ejY8eO4PF4SElJwcmTJ5GUlCR1Ly8ul4tLly7h6tWr6NatG5o3bw5ULAT5/v17qXEUhcfjYcqUKTAwMKC0tLQ0RERE0Oy0tbWxbt069O3blyropSF+vVpaWoiNjUVWVhZ0dXWpe9OjRw8MGDAATZs2xZs3byTukThCoRBaWlrUcefOnbF//36ajSIUFBQgLCwMDx48AACMHz8eI0eOxOzZs6XurfX48WNcuXIFampqaNCgAZSUlPD06VMoKSlh7969gJRnW0l4eDjCwsJw+vRpqpBxdnbG7t27sXbtWqY5+vfvT+UfJiEhITXaXmLEiBHURqKVW7Fra2szzQAAv/32G+bPn48tW7ZQi4x+TwYNGoR27dqhRYsW1P2IiYnBixcvmKYUXl5eyM7ORpMmTSAUCnH37l3s2LEDHA6Hdt8V2baiRYsWmDZtGkJDQ3H37l3w+Xzw+XxaF7BAIJB4nqqqqhgzZgxNMzY2xuHDh5GTk4MmTZogMzNTwpGUlZVh165d6Nu3LyZOnEjpVTnXESNG4MKFCwgPD6e28xGHmT5ZtG3bFlu2bAEqKvUjRoyAr68vdX5p14qK31+yZAmWLFkCVOzJFRMTg/bt2zNNaaioqDClfw35d/Qng8PhYOXKlVi5ciUzCKi44Vu2bFHYWX39+hUeHh4QCoUICwujHoS5uTnMzc1RXFyMK1eu4OPHj5TDevPmDa2wmTZtGnbu3EkdM1FXV5eobVtbW8PR0VGm4+FwOFiwYAEWLFhAaYcPH8b06dNpu7/WBObLVom03X61tLSq3LCv8kUoKSmBmpoabGxskJqaij179qBZs2Y4f/48Jk2aRNtriBlHnGHDhsHd3R0LFy5EWVkZNm/eDEtLS5qNInC5XInxpsLCQqpVy3yBe/XqhWbNmkFDQwP169dHeno69uzZg7Nnz9LspBEUFIRVq1bR7u2SJUvQvXt3qQ4rNTUV5eXlaNu2LcrKypCXl4e8vDxkZWXh48ePEmNossjJycGGDRtQUFCAbt26oU6dOuByucjIyMDnz5/RtWtXqlXDRFat/3uhra2N6Oho/P7772jYsCESExNhamrKNKOYN28eCgoKUL9+fbx+/Rru7u5o27YtXr58SUunrPzLhMfjQVlZGY0aNYKKigrq1KkDNTU1LFy4EI0aNYJIJJK4/uPHj+PFixfo2LEjysvLUVpaCpFIBBsbG8rm8OHDNKf59OlTLFy4EH/++Sfu3r2Lhw8fSq1gMc+FivwfFhaGR48eMYNqzJ49e2BkZAQul4v58+ejadOmKC0tpZ0/Li4OO3bsgLa2Ntq2bQslJSVwuVy8f/8epaWlMDc3p/0mE1NTU5w4cQLt27dHSUkJtf/crVu38PnzZxw5cuSbNrCVR61yWFWRmpoqsfW2LDIyMvDgwQMsXLhQpuOoW7cuJkyYQNPU1dVRVFRE7SL76dMntGzZkgqXljHFefXqFV6+fAlfX19mkEwIIXB3d8fx48eZQdWGx+Ph9OnTuHPnDjgVtdeCggLaNVSirKwscyfWDx8+4Pnz5/jy5QtmzZqFV69e4eTJk2jdujUmTpyI0NBQNGvWDEKhECNHjsTx48epLdwfPHggEacSFxcXHD58GLNmzQKHw8HEiRMxatQosTMrhoaGBmbPng1LS0uYmZkhIiICFhYWVDeJtOdUubV9Xl4ezM3NcfDgQamOlolAIJCodUpzmJWkp6dj/vz5MDQ0xODBg6GpqYkGDRqgfv368PLyUnire21tbarCpaSkhMePH6O8vBzGxsaUTVxcHC1OJZW9Ej8KJSUlXL16FV5eXggICMCrV68wZ84cphkFh8Ohdli+fPkyWrdujf379+PLly80B6FICwsVdo0bN0anTp0oTVNTEx4eHkCFs2dO/pk6dSrat2+P27dvS7wPQqGQcpbiTtPOzg7e3t7Q19cHKjZADQ0NRf/+/avsNvPx8YGRkRGaN2+OV69e4cKFCxAKhSgtLUVOTo7M/CaLK1eu4MOHD2jVqhW4XC7V68PsQTEwMMCxY8eoFlhwcDCGDRsGHR0dyubNmzfU/0wcHBwgFApBCKG1Im1tbWl2PwLFnn4t4c2bN+jXrx9TlkrTpk0xYcIEmc6qksquxkq2bt0KKysrPHjwAFevXoWlpSVtrANytrgvKyuDpaUl3N3dJWqKAoEA9+7dQ0BAgEQNOzg4GKampujYsSNNFwqFePfuHQ4dOoTMzExamCxmzZoFR0dHLFmyBIsXL8aiRYtgZ2eH7du3AxWt1Eq4XC7VIklLS8PFixexf/9+HDp0CBkZGejatSvGjBkDPz8/REZGonXr1hAIBPjy5QvV78/j8dC5c2dad5B4HG1tbdr18ng8zJ07F/7+/vD29oaRkRFSUlLw5MkTODs7w83NTe4YozgLFiyAs7MzunXrhh07dmDkyJG4ePGi3FmgaWlpmD9/Pvbt24d//vkHrq6ulL2SkpLUFueYMWPg7e1N04KDgzFw4ECaVknfvn0xaNAgDB48GJaWlhg/fjxMTU1hYGAAPT09qeeQBYfDgUgkwrZt2+Du7o4jR47gzJkzNBuRSIQvX74gICCAcmCtW7dGcXEx3N3d4ebmBnd3d0yYMEGiN6CmqKqqYuTIkZQjHzZsGG0s6O3bt3BycsLUqVORl5dH6YQQHDt2DP7+/lixYgWmTJlCK7gVdVgcDgexsbE4dOgQPD094erqKuEAmJUMVDi1yjJBKBTi3LlzsLGxwcmTJ6mdqMXTkJmZSXsv9fX14evri6CgIOTk5FA6k8zMTJw5cwajRo3CrVu30LlzZ/z9999YunQp7O3toampKZFeeYSHh+Pu3btwc3PDypUrsXz5cly4cIEKZ/6WkpIS0tLSsGrVKoSGhmLPnj14+vQpzUZe+cLj8aR2efL5fFy+fBmhoaFSZ+F+K5JnrMW8fv0aJiYmTFkCoVCIffv2IS8vjxrIrVOnDlRUVPDp0yc0btwYJSUlKCoqQmxsLN6/fw9ra2usWrUKf/75J/T19XHr1i2oqakhODgYjRs3pn6by+VK1M4qWbt2LaZMmYKTJ0+ie/futAceFBSEli1bQllZGeXl5ZRDy83Nhbu7O65duyb2S//PnTt3qFqy+MQPJqdPn0ZUVBQ0NTWhrKyMp0+fQk1NDdnZ2dDS0oJAIEBRURGSk5MRHR2NLl26UFuyd+3aFSNGjECXLl0wcuRILF68mGp1RUZGom3btrRzKSkpoWPHjggODsbkyZPx/PlzhIeHY9u2bZSNeJy8vDysWLECaWlp0NfXR7169aCqqgplZWWoqqpCVVWVuk/a2trUNGdZpKenw9XVFfn5+dR3SElJSZgwYQKMjIwwatQo8GRM/Lh48SIePHgAHx8f1KtXDyYmJti7dy+mT5+OkJAQtGrVihkFAPD3338jJiYGf/zxB/r164d3794hOztbbou4Xr16VJdTcXExCgsLkZ2djeDgYHA4HKoCoQgLFizAn3/+CQcHB6CiUlVaWoqpU6cCFdfv6ekJVDgqVBTWV69ehUgkQvv27ZGcnPxDashKSkooKioCh8PB8ePHoampifj4eDRu3Bjjxo3DpEmTaGOWFy5cgJmZGe2dqonDUlVVxaRJkzBhwgQoKytDRUWFNqbH4XDQtGlTWhxUtMwPHz6MxMREaGhoYNq0aZgzZw4KCwvRvn17aGtr0yqbo0aNQkhICKZOnQqBQICQkBA4OztDT08P9+7do+zEr4EQAgcHB6rrbPbs2UhNTcXMmTNp9tLyqDT++ecf8Pl86vMFLpeLY8eOwdHREWPHjgUqrkscgUCAiRMn4tSpU2jRogXKysowadIk7Nu3jxrDEi9fEhISsG3bNsTHx6Nnz55o3Lgx6tWrR71L5eXlKCkpQXFxMQQCAUQiEUxMTKpV+VII5rRBImdK4c/OrFmzSFFREVOWikAgIBcvXpSYztmqVSuaXXUpLy8nr1+/ZsrE3d2deHp6ElIxvbxPnz7k/fv3hBBCzM3NSVRUFCPG/08j/fvvv8mTJ0+YQcTZ2Zns3r2bKcvk4cOH5O7du7Sp3GZmZiQxMZFmVx1ev35NysrKmDL5+vUr2bRpEzE3Nydz5swhCQkJVJisOPLIz89nSnIpKioi9+/fJ1+/fiWZmZlk6NChJC8vj1y5coVcvXqVBAcHkyZNmlDThgsLC8mJEydkTievvGfPnz9nBtFIS0sj169fl/hsQBoFBQXk2LFj5PDhw+SPP/4gy5cvJ7du3SJPnz4lnz59YprLpX379rTjt2/fkjFjxhBSMU1/1KhRtHAmHTp0YEo1ntaelpZGpkyZQkxMTIiJiQmZPHky2b9/P4mKiqKmzTs7OxN/f39mVFJaWkqGDx9OPn78SI4dO0b8/PzI+vXryfTp0wkhhNjY2Eh9T6qCmd/Ky8vJrl27iIODA00nhJDw8HBy8uRJ8uXLF0qLiooi4eHhhBBCmxpPKj4pWL58OZkxYwaZOHEiuXTpEhVmbm5OkpOTSVhYGFm7di2l79q1i/YZS15eHtHV1aW9J23atJH4/EEaKSkp5OPHj0yZEEJIcHAw+fDhA8nIyCALFiyghT179oyYm5vTNB8fH7Jv3z5C5JQvBQUFTOmHIMsH/VItLFVVVakzwKTB4/EwevRopizRVSeNyMhInD9/nuo+EB/nSUhIQMOGDWkf6lWO31TOIOrRowfWr1+PxYsX459//gGkNNkBYN++fbCxsUGPHj2YQYCMOLIwMjJiSoCC13vx4kX8888/6NixI1RUVEAIQXl5OWJiYmBqaorZs2fT7DU0NDBkyBD07dsXbdu2RXFxMR48eIDi4mK8f/8e2dnZEi1hgUAAJycnpKSkoGvXrlBSUgKHw4FQKMTmzZsRGxuLJk2a0OLIom7durSu4WHDhqF+/fqoW7cuysrKMHjwYGhra1PPTV1dHZMmTUJaWho2btwIZWVl1K9fnzb1PT8/H5GRkRLdbeI0b96cmtFZFfXq1aNaQG/evIG+vj4GDRrENFMIHR0dxMfHU11TUVFRaNeuHRXOzCeEEEorLy+HsrIybt26hVevXkFVVRX16tWT250lj+bNm+PYsWNISEhAhw4dJM5dibRp8/v378eGDRvw22+/oWfPnmjWrBlSUlKoWZqoRgurktzcXKxbtw55eXk4ceIEUNHqGzNmjNTJW8xJKvfu3YOvry+ys7NRr1492Nvb065JVVVV6iQLJpVxTp8+jXHjxtHG1urXr4/g4GBa1yikPDdpyOrNOXbsGI4cOYKIiAisW7dO4sPhli1b4vXr1ygtLaVaQVFRUfjjjz8oG2nnz8zMRGpqKnR1daV2qf5wmB6MyPFuPzMFBQVSawTVpV27dkxJKikpKVI/Ig0LCyNz5syhjk+cOEH7cFac6OhoQipqYpX/V3L8+HESERFB08RxdnYme/fuZcrVwszMTOEPACdOnEju379P0+zs7EhYWBhNq+TLly/E2NiYHDx4kERGRpK4uDgSHx9PFixYQAICApjmcqmsYVeXW7dukWHDhhEnJydmEBkwYABTIoQQkpOTQz5//syUSV5eHtHT02PK34X169eT4OBgpqwwjx8/Jr179yarV68m8+fPJ0OHDqVaCLGxsWT06NGUrUAgIBs3biStW7cmxsbGZNKkSWTXrl3k+vXrJC8vj7KzsbGpUQtLHB8fH9KnTx/aR9ukIu/evHmTpt26dUvqPXjx4gWZOXMmIRVpktbbUBUfP34kXbt2JWfPniWnT58mJ06cIK6urmTkyJFMUxpnz54l69atI0KhkAgEArJixQqJdMvD3NycpKWlkbCwMGJnZ0dIRa+JIrRp04YpKczKlSvJ+fPnCal4DydOnEgyMzOZZiQgIID079+f2NvbEwsLC7Jw4UIqfbLKl9jYWGJkZEQ8PDyYQd8VWT6oetWV/yGyZlyhYkwqPDwcvXr1QnJyMs6fP4+HDx8yzRRC2kCiNFq2bCm1lgixWqBQKMSECRNkTrPv1asX9b94bSYuLg59+/bFgAEDKE0a0mpA1UXR69XR0ZEYOyopKaFmRzFp0KABDA0N0aNHD/Tt2xf6+vro0KED6tSpI7W1JxQKsX37dkyfPp36mPXw4cNwcXGBhoaG3DE6WQwaNAgLFiyQWI4KFTOdpNGwYUOZ3y+J1+4zMjKqnGVXWlqKly9fwsfHBxEREUhLS0N2djbTDBwOB4WFhUhJScHr169x+/ZtbN++HSdOnKjyHADQs2dP3L9/HzNmzMCqVatw/fp1NGjQgAoXzyc8Hg9btmzB8+fPce/ePZw4cQJr167F0KFDqVl60ggODpY7c0waNjY2aN26tcTahIMGDaLl7ZSUFJSXl2Py5Mk0u0rEewGq28KqRF1dHQYGBujVqxeMjY3Rt29fpokEXl5esLe3B5fLBY/Hw/r166mZd4qiqakJiD2D7/HOVkVUVBQ1dtWgQQNMmjQJISEhTDPMnDkTly9fxp9//glPT0+4u7vT0ictrQYGBhgzZozUsH+Dmj39/wEREREYOnQohg8fjnXr1mH37t1wcXGBq6srPDw8kJSUhNjYWJw4cQKRkZG4ePGiQi87k6pmDSpC5SxBXsW3IIogbmdgYEDr0pGFor8tD0Wvt379+hKVBh6PhzZt2tA0cbS0tCTicLlc2lTxSng8HubNm4f4+HjMmzcPNjY2mD17NpYsWQJPT0+ZMy+rom7duhKOFgCGDx+O8vJypiwX8TQkJydj3LhxmDx5Mvbu3Qtvb28EBAQgKCgIQUFB8PX1RUBAAG7duoWcnBw8ffoUKioq2LJlC4YNG4bVq1dj3759cHNzQ9u2baGsrIzw8HA8evQIb968QZ06dfDu3TuFHbWysjK6du0q9aNPafmkXr16VRb+4l0+zs7OCAgIoIUrgrQuZ319fdpvt2rVCsOHD6fZVMLhcGhdwbIqiVWhpqaGdu3aoU2bNmjVqhWaN28uNW3iqKur09YuTElJUfh9QUUlr3Kyg7RnII+q0iYLQgi+fv0KgUBAafLSXa9ePXTv3l1qd7usNPN4PKnvTmpqKrKyspjyd4VDpJTqlV+/L1u2jBn0yzN27FjadNDqcu7cOSQlJVXr3v3555/w8/OTW8NlcvDgQbRr146qSdWEcePG4fz580xZKjt37kRaWho6deoEHo8HoVCImJgYrFy5Ep07d2aaAwB27dqFtLQ0aoWPquLw+XwYGxsjODgYqJiOXVpailu3buHdu3dwcHBQeIyoki9fvmDFihXo2bMnCCEQiUQoKSnB9evXkZaWhqCgIPTp04cZTYL8/HzMnDmTtuxRbSAuLg5HjhyBk5MTM0guc+bMwdq1a6GrqwtU/M7Lly+pcTdF8fLywsePH6GnpwdUFKjv37/H1atXMWTIELkf3aNiDOrdu3fo3bs35syZg127dslsAcsiLS0No0aNgpWVFUQiEYRCIb5+/Yq0tDT4+/szzSkePXqExYsXY+HChRCJRPD19YW/v7/UCpc0KscVK6fDz507l2kikz59+tT4g+LKWcXTp09HUlISbty4gXPnzkl8pC8PeeXLhw8f4Onpifbt24MQAqFQiPT0dMTGxkJVVRUnT56ssjJUFTJ9ELOPkMjpP/wvcO3aNaZULR49ekRiY2OZslzOnj3LlKrk5s2btDGHmlCda7127RrJzs5mynK5fv16teOkpqaSe/fuSfzdv3+fNpvz36a0tJQEBgYy5Z+e9PR0EhkZyZSrJDQ0lPpfJBIRf39/2uK4/wtkjZdWRV5enkRckUgkc2xZnLS0NOLv70+CgoJoMwerQ2xsrMQ4XlW4u7szpWoRFxdHPD09SVhYGG3BakX5HuXLtyDLB7EtLBYWliopKyv738wKY/lPIssHfVu7jYWF5T8B66xYfgZYh8XCwsLCUitgHRYLCwsLS62AdVgsLCwsLLUC1mGxsLCwsNQKWIfFwsLCwlIrYB0WCwsLC0utgP0Oq5Zy7949PH78mCn/9LB5ioWFpSpk+SC2hVVLWbx4MVP66XFzc2NKLCwsLArzy7SwCgoKqJWRq0NZWRnKysokduSsKUVFRdVeqLUmaTczM8Pt27eZ8ndDKBSitLRU4f3FFKE6aa7JPfm3KS4uVvj+fP36VeYCpIrA5/NrvPCrNIRCYY0XWK2NlJaWgsPhVPsD6NqQD2vyLH/265Llg36JFpZQKISXlxcMDQ1x+fJlZrBUcnNzUVhYiK9fv2LJkiUYPHgw+Hw+06xalJaWYtu2bRgyZAg+ffrEDJZKTdL+rSiy9Upubi5WrVqFPn36ICUlhdKfPXum8AriNeV/cU9qwtmzZ9G7d2+EhoYyg2h8/foVpqamEhv0VQdPT0/07dsX586dYwZVSVFRkcTOBdevX4eJiQk2btxI01GxaOvjx49pK+0TQrBp0ya5C7g+efIE8fHxePPmDV68eIHIyEhcu3YNPj4+Cm1yyCQyMlJia5jPnz9j9uzZ1W6tp6amYvLkybCwsGAGARWLG2dmZjJlHDlyBD179sSVK1eYQQpz9+5dWFpa1ngxW3G+fv3KlODi4oLevXvj7NmzzCCp1Jb3Sxq/hMPi8XhYs2YNpk2bhri4OGawVPLy8mBhYQF3d3f4+fnh06dPUrehqA516tTBrl270LBhQ1ohL4+apP1bcHNzU6g1qaOjAw8PDzRq1Ajp6emU3qVLF+zevRtfvnyh2X9P/u17UlOmT5+OZcuWyS2I9uzZg9mzZ8PGxgabN2/G2rVrJZyHNA4cOIDnz59Tx8uXL4eVlVW1xy0JIfDw8KBqrJWMHDkShw8fxrVr12g6KnaM3rp1Kw4fPkxpHA4HW7ZskWpfSXl5OQIDAxETE4OsrCyoqalBT08PHTp0QExMDNO8SlRUVDB+/Hi8fv2a0nR0dLBhwwa5Oz+LU7mauK6uLs6ePYsHDx4wTYCKfeE2btyIIUOGYMqUKSgoKAAALFq06JvzoampKUpLS3HkyBFmULXg8/mwsrLC06dPafry5csxZ84cuflQnNryfkmjVjssHx8fHDp0CCUlJUBFBpe1sZhIJKJt+922bVvs2rULSUlJQMU+O7LiilNaWgpUdCWmpaXh7du3KC4uRn5+Ps6ePYvCwkKpXTdHjhyBnZ0ddu/ejUOHDsHR0REjR46k9q2Rl/bvRXh4OEpKStCtWzegYk+nt2/fUo6aEILw8HDs2LEDHz58AKSki8fjYeHChVizZg2l1QShUIgPHz6gqKgIIpEIhYWFSEtLw+3bt6laJPPcipCbmyvXISQmJiq8/fuTJ0/w4sUL6vfevn2L8ePH48CBA5SNhoaGzDS+e/cOFy5cwKlTp2BrawtnZ2coKyvLrQm/efMGM2bMwKVLl7Bp0yZERUVRYdXtwomNjcWQIUOQn5+P9+/fY9KkSbRWnrq6utS0t2jRAkOHDsWNGzfg5uYGV1dXuLi4wMXFBcXFxUxzirZt28LBwQGTJ0+GmZkZ2rRpAyUlJbx+/VrhLTnE6dGjB7p164bAwEBaOo4cOSI13aGhoZg5cyacnJzg7+8PDw8PzJgxA66urpQNs+uspKQEnz59grKyMry9vXHx4kXs378fERER2L9/P9LT08Hj8aSeT1EcHR3x4sULmJiY1Lh3IigoCBMmTEC3bt3g5OQEOzs7WjjzWebk5ODly5e055WQkICdO3ciIiICqOH79b+m1jis+Ph4jBo1Cvb29pQ2c+ZMeHp6IiEhgWYrjaSkJEyYMIG2sZmiu+2Kc+/ePXTo0AF2dnYICgpCTk4OWrVqBX9/f4mdVcWxtLTEzJkzsWbNGsydOxdDhw5FvXr1apSGmmJvb49FixZRxwUFBbCyssLIkSPh7e0NT09PJCUloUOHDnILx6ZNm0JLSwt37txhBikMl8vFpUuXMG3aNGzatAlBQUE4f/48RowYIfc+VkVkZCRMTU0xY8YM7Nu3Dx4eHvDx8YGPjw/c3d3xxx9/ICgoiBlNKoQQ/PXXX1SrQk9PD3Z2dgq3Fj5//oy2bdvStM6dOyMxMZGmVVJUVIS//voL27dvx/Xr1xEYGIhVq1ZJ7apShNmzZ+Po0aNwdHSEm5sbrKysZO60zITH48HU1BSLFi3C4sWLsWTJEixZsgQNGzZkmgIV9yo0NBQ6Ojrw8vKCv78/rly5gufPn6Nz584ydxOuCh6PhylTptDSYWNjI3W/JQsLC9StWxfa2tqwtrbGwoULERQURBsHYRbQXC4Xx44dg6OjI/z9/TF69GjExsaifv36MDU1hY6OjtR4ilBaWoolS5aAw+HgxYsX6Nu3Lw4ePIgxY8agV69etBasPNLS0uDq6oqLFy9i8+bNOHr0KAghcluZ5eXlOHDgADp16kS923fu3EG7du3QrFkzpnmtQfKp/6R07NgRLi4utMJCRUUFTZs2rXIgde7cudixYwfGjRuH8ePH49mzZ0wTQMFMOWTIEHTv3h3W1taws7ODkZERGjZsiGXLlsHa2lpmdxuHw0GnTp2oc2RnZ2PgwIFMsx9GbGws2rRpQ9vETV9fH7NmzUKPHj0wb948LFy4ELNmzcKff/5J22JdGhYWFtRGizWBw+FgwYIFCAsLw7Zt27BgwQKoqKhg+vTpaNGiBdNcYUaNGoWIiAgcOXIEq1atwsKFCzFnzhzMmTMHtra20NTUxJAhQ5jRpNKrVy+YmJjQNGkFpax806tXLyQmJlJjhpmZmQgICMCECROYpgCAmJgYGBgYoGXLlkDFbrCjR4/GrVu3mKZVUlJSAoFAQNvwcvjw4YiOjqbZyYLZEqlE1iaAHA4H8+fPR/PmzTF//nzMnj0bkyZNwsiRI8HlcnH27FmFu8nFqW46tLS0UKdOHaZMUfmsysrKIBQKUadOHaxatQq2trZ4/fo1DAwM8ODBA6irq6NXr15U2cLhcEAIkdvCFCciIgIrV67EjBkzYG9vDy6XizZt2mD9+vW4ePEijhw5Aj6fr9AwxLNnz2BsbEzLe6NGjZI7Ft20aVOsW7cOTZs2xbx587BgwQLMnTsXkyZNojblrI1Ivn0/MVwuF8nJydi/fz/27t2LXbt24f379zIzNSomGHz+/BmHDx/GypUrERQUhFWrViE7O7vG2zlzOBxa5pFWiIlTXl6OxMREqjsRFd1FTZs2pdn9SO7evQtTU1OmDC6XW6NWnrGxMe7fv8+UawwhBO7u7li9ejUz6Lvy+fNndOzYkSnLJTg4GNu3b8f27dvl7lDLJD09Hfv378eVK1cwc+ZMbN68GSkpKVK3sUdFl9qbN29oWnx8PNq0aUPTFEFNTQ0cDofWBfjo0SOFu+Z4PB4ePnxIdQW6urrCzc0NWlpaTFMaTk5O8PHxQWBgIPz9/eHn54eUlBR07dq12jsFoyIdp0+fpqUhMDCQcupMlJWVpW7tLhAIcOvWLfD5fOzZswdDhgzB1q1bqfDZs2dj8eLFOHDgALZs2QI7OztqqAEAoqKiYGVlheHDh1fpeG/evIm6devCzc0NvXr1YgYDFS1tW1tbuWVXJZ06dZIYa3r48KHUXbvFqem7/TMjv6T9yaispaxYsQKrV6+GnZ0d2rdvT3voQqEQ7969w6FDh5CZmYnMzExaAdWwYUPk5+dj//79tPGB6iJ+TmkOSyAQ4N69ewgICEBBQQH27duH33//HU5OTjh48CDq1q2L+vXr0+Iw0/49SU9Pl7q9PNP5SkP8WiprhFwul9a9+q0EBwfD1NRUwpl8z3vy9etXtGjRQmqBJgsOh4OpU6fC3t4e9vb2mDVrFtNEZgtLXV0d06ZNg729PQIDA+Hh4SG3N6BFixb4+++/MWXKFAQGBmLx4sXQ0tKCsbEx01QhDhw4gEmTJsHLywu7du3Cxo0bJbakl/UJhpGREVxdXamuwMWLF2PRokUICQkBKiYAiEQiAEBhYSEVb/z48ZgzZw5mzpwJa2trWFpaYsiQIejYsSNCQ0Ph6OgoMWlAHrNmzYKjoyMtDXZ2dti+fTtQ8WmBOGpqauDz+eDz+Xjy5Al8fHxw8OBBnD59Gj179kTz5s2xZs0aREREYMuWLVS8goIC6v3gcrlQV1endU2PHTsWgYGBuHfvHlq1akXp0hgyZAh69uzJlCUQv4fyaNOmDcaPH48pU6bg8OHDWL58OV6+fImZM2fS7JjPUpF3+3u+X/8Gtcr9yrr54gXQnTt3qEHyoqIi9O/fH05OTigpKYGamhru37+Pbt26YefOnYiLi6PNnpJV8EhDPC3MeOXl5QgKCkLLli2hrKwMdXV1LFu2DC9fvsTKlStptuIw0/49KSwslNpdyeVyZd7Xjx8/Ii0tjXYt5eXllLPmcrkQiUQy4ytKbm4u3N3dpc5A+5735PXr1xJdfFXB4XBoz7eqAfi4uDjcuHEDOjo6qFevHlRVVamxhtzcXHC5XLi5uSEjIwOXLl1Cs2bNcOHCBeoerly5EqmpqXjx4gVsbW0lHHh1GDRoEHr37o3nz59DQ0MDq1evlqjRi7dUnjx5guPHj0NDQwOqqqrg8XioW7cuCgsLweFwoKysjOLiYnz+/Bl3794Fh8PBjRs3EBoaisOHD6NTp07Q1dWFmpoalJSUoKSkBBUVFaioqIDH44HL5aJZs2ZVfj5y+vRpREVFQVNTE8rKynj69CnU1NSQnZ0NLS0tCAQCFBUVITk5GdHR0ejSpQtOnjwJABg4cCBsbW1x4cIFmJqaYsyYMWjdujX128wxxUqWLl0KW1tbWFpa4vHjx2jSpAnVA6Kqqop+/foxo0ilpvewqi745cuXIzMzE2/evMHgwYOlXgez1Snv3S4qKsKLFy+QkpLy3d6vfwUihQMHDpADBw4w5f85aWlpZOTIkTRt5MiRJDs7mxBCiLOzM9m9ezctnBBC7ty5Q/7++28yY8YMYmtrSwoKCgghhMTGxhIrKytCCCGGhoakpKSEEVM6kydPJm/fviXFxcXk4sWLpFOnToQQQp48eUL27t1L+vXrRyIjI2lx3r59SwYNGkTTKomMjCTW1tZS0y6LgQMHMiW5bNmyhZw4cYIpkyNHjhB7e3vqODExkfj5+ZFdu3aRa9eukfHjx5OoqChanEoqr1tRpKVZJBKRv//+mzx58oQZJPN51hRfX19y/fp1piyXuXPn0uLExMQQGxsb6jgsLIx2/wgh5NGjRyQgIIA8efKEvHnzhnz48IHs2bOHvHz5kuTn55Pi4mJSWlpK+Hw+KS0tpcWVx9GjR8mGDRuYcpWUlpaS8vJy2nFOTg55+fIlCQkJodkmJiaS8+fPk5ycHCISiQghhGzevJn4+fnR7KpDSUlJta6TEEIePnxI7t69S75+/UppZmZmJDExkWZXXZ49e8aUKFJTU8nZs2dJdHQ0M6ha/Ih7WIlIJCLp6ek0zc/Pj5w/f57k5+fT9JSUFNK/f3/qODs7m4SFhRFHR0dy7Ngxsnv37u/6fn1PZPkg6e73J6VOnTrIycmh9WcXFxfTZi5Jq/2ampri5MmT1PRYWSsOSIsrDU1NTSxbtgxbt27FgAEDIBQKMXz4cDx+/BgrVqxAu3btmFGgpKQEkUgEPp+PmJgY+Pv7w8HBAQcOHEDDhg1hYGCg8PlrQps2bfD27VumDF1dXYSEhMDCwgImJibw8vKCkZER1q5di2HDhkm0MCrJzc2V6NKsCfv27YONjQ169OjBDAKq8UwU4fXr1+jfvz9TlguHw0FYWBj279+PAwcO4Pjx4xK1W2Yae/fujZkzZ6JHjx5o3749bt68icuXLyMwMBBlZWVQU1ODiooK6tSpI7eLEBXTk69fv45jx44pPGGCSUZGBpYtWwYHBwd4e3sjODgYN2/exM2bN+Hi4kKzbdu2LcaOHYuGDRtKtCyrIiYmBrNnz8auXbvg7e0NX19f+Pr6wtbWFsuXL2eay8XIyAgmJiYSvQKKpCMvLw9r1qyBg4MDPD094eHhAXd3d+zevRvLli2T2cJLTk7GhQsXcOvWLWpmqYeHB4YNG1atb6i+5R5WBYfDgaurKxwdHSmta9euWLt2rcTM3iZNmuDDhw+YOnUq+vfvj9WrV6NevXpYv349pk6dijp16kjk3Z8epgcjcrzb/xqRSEQePXpE03Jzc6n/nZ2dyd69e2nh8oiNjSVz5swhpKKFxefzmSZSSU5OJqmpqdTxly9fqJoUIYRMnz5dIp3l5eVEW1ubtGjRglhbW5MLFy6QsrIyKry6aZfWWpFHdnY2MTExYcqEVLRAP3z4wJQJIYSYm5tLrXEePXqU7Ny5kynLhZnm48ePk4iICJomTnXvSVUwW0KKcPjwYVJcXEwdFxUVkaysLOo4LCxMbqtn4cKF5O7du4QQQrKyssjEiRNprYZKwsLCyNKlS8mSJUvI9OnTyaRJk4itrS1xc3Mj8fHxhHxDC0sWDx48IC4uLkxZgs2bN5MjR44wZYUJDAwk165dY8rVxszMjKSkpDBlqbx8+ZIMGzaMpvH5fGJoaEjTFMHa2ppkZmYy5WrxrfdQnDVr1hBPT0/q2MnJiaxbt45mU0lsbCx58eIFEQqFzKDv/n59T2T5oFrVwuJwOOjduzdNY85aqm6NQbxWomjc1q1b06ZeN2jQQCIuc2BfSUkJnz59QmpqKvz8/DBmzBgJG+ZvfE90dHTw22+/0VYNqMTU1FTuQLK0dJ0+fRrTpk1jygoTFxeHvn37YsCAAcwgGtLOLQ2BQCBzAJsQgs+fP0NTUxOpqalUi0eRSSOzZs2iTaGuW7cuGjVqRLORNU5QUlKC9+/fU+NmjRo1wtChQ3H+/HmmKcaPH49JkyahZ8+e2Lt3L06cOAE3NzfY2tqiQ4cOlF1Naunx8fGwtLTExo0b4e/vT83eu3jxosx7xkSR2WYxMTGYPHkytm3bBh8fH6qFFRMTQ5tx9y0okg5U5HfmlPGSkhLo6+vTNHHu3LmDBQsW4MCBA/Dx8YGfnx8OHTqE7OxshT82l4eiaZfHmzdv8OjRI8TGxuLGjRsoKytDcHAwuFwutQiCOAYGBujSpYvMPMp8vxITEyUm5vxMSL+KWgzTCVSFePfO98hQlTC7MqBA2qoK/1YOHjwIJycnplwlzHRduXIFI0eOlBjkrQ4GBgZSu06ZMM8ti+TkZEyfPh1GRkZYvnw5duzYAWdnZ6rr+Pjx41BWVsaJEydw584d3LhxAxkZGcyfqRGyvvvh8Xj4/PkzbeWNjx8/SszmqsTY2BgzZsyQ+7mDrHPJo2PHjmjfvj1atWoFa2trWFtbY9asWdi+fTuWLl3KNJeKrG50cXr06AEdHR10794dc+bMgY2NDWxsbODs7Ixx48YxzWuEIukAgPr169PWQkTFxCNDQ0OaJs7AgQORmJiIoUOHYs6cOZg1axbmzp2LCxcuoFOnTkzzaqNo2mXB5/OxfPlyBAQEYNu2bdiwYQP27t2LVatWUd18VU25Z8J8v27fvo1NmzbRPsH5mfjlHBZzfEEerVq1wl9//QUAaNasmcxaSHXhcrlSp5BXRXXSXhMaN26MJUuW4MSJE8wgmXC5XNosq6SkJHz8+BHz58+n2f0oFL0nurq6OH78OCIjI3HgwAGsX78ey5Ytw+LFi6kVEpYvX47Vq1dj69atcHJy+qYPlMX57bffmBJQ8WH7n3/+iWnTpiEkJASOjo6Ii4vD6NGjmaYKweFw0LhxY6asEI0bN0ZycjISEhIQHx+Ply9fUh+3io+HyELR1REaN26M9+/fIyEhAa9fv8aLFy9w5coVLFq0SOGVHWRRr149qRVBadSpUwefP3+Gm5sbPDw84O3tDW9vb9oUfGk0a9YM8fHxtPT/888/WLhwIY4dO8Y0rxaK3kNplJWVYf369di3bx9at26NRo0aYdWqVVBWVsakSZNQt25drFmzBh4eHsyocmG+X5aWlnj27FmNKkb/BrzNmzdvZoqRkZFAxcBnbaK4uBjGxsZS1/KThpqaGvUCqKqqVvkhnqJoaGhUezpyddMeEBAAKysrplwlTZo0QcuWLRU+j4qKCq1WyuVyFZ7iy6S6aa7uPflfwOfz0bVrV4kB70pMTEzQunVrvH37Fp06dYKDg0ONuvVQ8c1Mp06dqpwCLY2ePXuiQYMGKCgoQElJCfh8PjgVq68YGBigSZMmzCgUHA4HPXv2VCjd/fv3h7KyMr5+/YqSkhKUlpaiTp066NatG7p27SpzaSdF0NHRkfnRtTS0tbUxe/Zs9O7dG7169cLgwYOrXF1mxIgR4PP5KCwspNKvqqoKfX19dOnSRWIIQlGqcw+lcfXqVcycOZOqHOXl5SErK4v2LVanTp3QuXNnhVty0t4vHo9HLUf1v0SWD/pl9sP6r1GdvaV+FmpjmllYWP59ZPmg79MHxsLCwsLC8oNhW1i1FCMjo5+6q0waCQkJCm9sycLC8t9Flg9iHRYLCwsLy0+FLB/EdgmysLCwsNQKWIfFwsLCwlIrYB0WCwsLC0utgHVYLCwsLCy1AqmTLkJCQuDk5PTTfu3MwsLCwvLrUlpaipUrV1IrEVUi1WGxsLCwsLD8bLBdgiwsLCwstQLWYbGwsLCw1ApYh8XCwsLCUitgHRYLCwsLS62AdVgsLCwsLLUC1mGxsLCwsNQKWIfFwsLCwlIrYB0WCwsLC0utgHVYPwA+n4/y8nKmzMJSJYWFhUyJhUUqQqEQxcXFTPmXhnVY1UAkEuHRo0dMWYI3b97A3NwcFhYWND0yMpJ2zPLf4fXr18jLy2PKEty8eRN9+/bFjh07KE0kEiEqKopmx/Jr8/DhQ6YkQW5uLlatWoU+ffogJSWF0p89e4aioiKa7a8C67AURCAQYMOGDejYsSMzSAJ9fX1cuHAB9+7do+lt27bF5s2baRrLr8/169fx8uVLaGlpMYMkGD9+PNzc3HD37l1K43K5EIlEOHLkCM2W5dfEzc0NGhoaTFkCHR0deHh4oFGjRkhPT6f0Ll26YPfu3fjy5QvN/leAdVgKsn37dowfPx6ampoAgKysLHz+/BkCgQBlZWXIyclBXFwcnj17BlQUMkpKSrTfaNKkCXr16gVvb2+azvLrkp2djaNHj9IW8fz69SvNhomKigo4HA5NMzY2Rnx8PJW/WH5NwsPDUVJSgm7dugEAkpOT8fbtWwiFQgAAIQTh4eHYsWMHPnz4AEjJLzweDwsXLsSaNWso7VeBdVgK8PHjRzx+/Bh9+/altPz8fKxYsQKLFi3CwYMH8c8//2DlypXw8vKixWUyZswYnDhxgh2r+I+wceNGLFiwgDrOz8/Htm3b0Lx5c3z+/JlmWxWrVq3C6tWrmTLLL4S9vT0WLVpEHRcUFMDKygojR46Et7c3PD09kZSUhA4dOlCVZ2k0bdoUWlpauHPnDjOodkNYquTAgQPE29ubKdMQCoWkffv2JDExkdKaNm1Ks6nE0dGRBAcHM2WWX4zy8nKir69PRCIRM4j07NmTZGVlMWVCCCGxsbFk5MiRTJkQQsjw4cNJWloaU2b5BXj69CmZMmUKUya+vr5kzZo1TJnC3NycREZGMmVy7949Mm/ePKZcq2FbWApw9+5dmJqaMmUaYWFh6Nu3L9q2bcsMkmDgwIEIDw9nyiy/GK9evUKnTp0kuvcAgMPhgMut/utnYmLy69WaWQA55Yy04QVFMDY2xv3795lyrab6b8x/kPT0dDRv3pwpUwgEAuzZswc7d+6k6YQQ8Pl8hIaG4tKlS5TerFkz2iApy6+JvHzD4XDA4/GYMoVIJMKXL18QEBCAuLg4Smfzzq+LrPyiSOVGIBDg3r17CAgIoMa7uFwuBAIB07RWI/8usAAV38aoq6szZYp9+/Zh5syZaNWqFU0XCoVwcnLCq1evkJWVRekaGhpVDryz1H4KCwtlzvaSVQgJBAJERUUhKSkJnp6eSEtLo832YvPOr4us/MLlcqXmFVSMr6elpSEoKAh37txBVlYW7RvQyhmmvwrS7wILjcaNG8scIH/w4AFevXpFG1ivRFlZGfb29rC3t4eVlRWlZ2dno0mTJjRbll+Pxo0bIzs7mykDFQVJaWkp8vLyEBUVBXd3d2zatAlBQUHQ09ODrq4ulXcGDRpExWPzzq+LrPzC4XCoVhMAJCUlwd/fH7t378br16/RvHlzzJo1C/b29lizZg1UVVUpW0KITGdXG/l1ruQH0qZNG7x9+5YpIyMjA/7+/vD19WUGARUZTRrv3r1TaKyLpXYjK98AgKmpKQYMGABLS0vcuXMH/fv3x5YtW2BtbY2GDRuyeec/iKz8oquri5CQEFhYWMDExAReXl4wMjLC2rVrMWzYMHA4HKn5JTc3F/Xr12fKtRvmLAwWSUJDQ8m6detoWlZWFtm+fTspKyuj6eL89ttvTIkQQoiNjQ15+PAhU2b5BenduzcpKChgynKJjY0lo0ePZsqEVMwu5PP5TJnlFyA7O5uYmJgwZUIIIXfu3CEfPnxgyoRUzBKMjo5myuTo0aNk586dTLlWw7awFGDkyJG4f/8+ysrKAABlZWWIjo7G+vXroayszDSnkFbrKSgoQGJiIu2bLpZfF2traxw/fpwpV4m0vHPv3j30798fderUYQax/ALo6Ojgt99+w+vXr5lBMDU1lRgjF0dafjl9+jSmTZvGlGs1rMNSAFVVVWzatAkeHh5AxZflf/zxB9NMAmnObN++fdi/f7/UDMby6zF//nxERERU+0NxZt4RiUTw9vamrTHI8utx8OBBODk5MeUqYeaXK1euYOTIkWjZsiVNr+2wDktBBg8ejNatWyM6OpoZJBPmWMPt27dhYmICAwMDms7y68LhcODi4gJfX1/awHlVMPOOv78/tmzZIne2Kkvtp3HjxliyZAlOnDjBDJIJl8tF69atqeOkpCR8/PgR8+fPp9n9CnAIIYQpssgmPz9f4YHM0NBQ2ort1YnL8mshFArB5/MVcjifPn1CSkoK1W0sEolQXFwsdcozy69JdcqK/1I5wzosBrGxsdQ2EJXdOD+qoCguLkbdunWpY0NDQ4VW9Gb5ORHPOxkZGWjatCnT5LuRmZlJm95uZmZGC2f5uUlOTkZycjJ1/CPzC/P7Li0tLRgaGtJsagusw2IQEBBAZaTKwudHORE+n0/7ZsLKygpt2rSh2bDUHsTzTnJy8g99lh8/fkSLFi2oY3bbmtrF7du3cfv2ber4R+aXvLw8WhnWpk0b2nehtQnWYbGwsLCw1ArYSRcsLCwsLLUC1mGxsLCwsNQK/g/LU4G98oaygwAAAABJRU5ErkJggg=="
"2023","사회복지학개론","15. 강점관점에 대한 설명으로 옳지 않은 것은?","1. 모든 개인과 집단, 가족 및 지역사회는 강점을 지니고 있다.","2. 클라이언트의 주변 환경에는 활용가능한 자원이 매우 부족하다.","3. 사회복지사와 클라이언트가 협력할 때 클라이언트에게 가장 좋은 서비스를 제공할 수 있다.","4. 외상과 학대, 질병 및 고통은 클라이언트의 인생에 상처가 되기도 하지만 도전과 기회의 원천이 되기도 한다.","","2","강점관점은 클라이언트의 환경 속에 활용 가능한 자원이 풍부하다고 봅니다. '활용가능한 자원이 매우 부족하다'는 시각은 결핍 관점이나 병리적 관점에 해당합니다.",""
"2023","사회복지학개론","16. 소득보장프로그램에 대한 설명으로 옳은 것은?","1. 아동수당은 기여－자산조사 프로그램에 해당한다.","2. 기초연금은 기여－비자산조사 프로그램에 해당한다.","3. 공공부조제도는 사회보험에 비해 재분배기능이 높다.","4. 장애인연금제도는 비기여방식으로 운영되는 사회보험이다.","","3","공공부조제도는 저소득층을 대상으로 조세로 급여를 제공하므로, 사회보험에 비해 수직적 소득재분배 효과가 높습니다. 아동수당(보편적), 기초연금(무기여 자산조사), 장애인연금(무기여 자산조사 공공부조 성격) 등에 대한 설명 중 3번이 가장 적절합니다.",""
"2023","사회복지학개론","17. 「노인장기요양보험법」의 내용으로 옳지 않은 것은?","1. 장기요양보험 가입자는 「국민건강보험법」에 따른 가입자로 한다.","2. 장기요양급여에는 재가급여와 시설급여 및 의료급여가 있다.","3. 장기요양보험사업은 보건복지부장관이 관장하며, 장기요양보험사업의 보험자는 국민건강보험공단이다.","4. 장기요양보험료, 국가 및 지방자치단체의 부담금 등을 재원으로 하여 노인등에게 장기요양급여를 제공한다.","","2","노인장기요양보험법상 장기요양급여의 종류는 '재가급여', '시설급여', '특별현금급여'입니다. '의료급여'는 의료급여법에 따른 별도의 공공부조 제도입니다.",""
"2023","사회복지학개론","18. 사례관리에 대한 설명으로 옳지 않은 것은?","1. 사정의 영역에는 욕구, 자원, 장애물 등이 포함된다.","2. 예기치 않은 과정에서 다양한 이유로 종결될 수 있다.","3. 사례관리 적격 여부를 확인하여 기관의 클라이언트로 확정하는 과정은 사정단계이다.","4. 클라이언트에 대한 상담, 치료 등의 직접적 활동뿐만 아니라 가족과 지역사회를 대상으로 하는 간접적 활동도 제공한다.","","3","사례관리 적격 여부를 확인하여 클라이언트로 확정하는 과정은 '접수(Intake)' 단계에서 이루어집니다. 사정 단계는 이미 클라이언트로 선정된 후 문제를 분석하는 단계입니다.",""
"2023","사회복지학개론","19. 「정신건강증진 및 정신질환자 복지서비스 지원에 관한 법률」상 정신건강사회복지에 대한 설명으로 옳지 않은 것은?","1. 정신요양시설은 정신질환자의 사회적응을 위한 각종 훈련과 생활지도를 하는 시설이다.","2. 국가계획 또는 지역계획에는 영ㆍ유아, 아동, 청소년, 중ㆍ장년, 노인 등 생애주기 및 성별에 따른 정신건강증진사업이 포함되어야 한다.","3. 정신건강증진시설이란 정신의료기관, 정신요양시설 및 정신재활시설을 말한다.","4. 보건복지부장관 또는 지방자치단체의 장은 알코올, 마약, 도박, 인터넷 등의 중독 문제와 관련한 종합적인 지원사업을 수행하기 위하여 중독관리통합지원센터를 설치ㆍ운영할 수 있다.","","1","정신질환자의 사회적응을 위한 각종 훈련과 생활지도를 하는 시설은 '정신재활시설'입니다. '정신요양시설'은 요양 서비스를 제공하는 시설입니다.",""
"2023","사회복지학개론","20. 「청소년복지 지원법」상 청소년복지시설에 대한 설명으로 옳은 것만을 모두 고르면?

ㄱ. 청소년쉼터: 가정 밖 청소년에 대하여 가정ㆍ학교ㆍ사회로 복귀하여 생활할 수 있도록 일정 기간 보호하면서 상담ㆍ주거ㆍ학업ㆍ자립 등을 지원하는 시설
ㄴ. 청소년자립지원관: 일정 기간 청소년쉼터 또는 청소년회복지원시설의 지원을 받았는데도 가정ㆍ학교ㆍ사회로 복귀하여 생활할 수 없는 청소년에게 자립하여 생활할 수 있는 능력과 여건을 갖추도록 지원하는 시설
ㄷ. 청소년치료재활센터: 학습ㆍ정서ㆍ행동상의 장애를 가진 청소년을 대상으로 정상적인 성장과 생활을 할 수 있도록 해당 청소년에게 적합한 치료ㆍ교육 및 재활을 종합적으로 지원하는 거주형 시설","1. ㄱ, ㄴ","2. ㄱ, ㄷ","3. ㄴ, ㄷ","4. ㄱ, ㄴ, ㄷ","","4","제시된 ㄱ, ㄴ, ㄷ은 모두 「청소년복지 지원법」상 해당 시설들의 정의와 정확히 일치합니다.",""